ID,label
1,1
2,2
3,3
4,1
5,4
6,1
7,4
8,3
9,4
10,4
11,3
12,4
13,3
14,2
15,2
16,4
17,4
18,2
19,2
20,3
21,4
22,3
23,2
24,2
25,4
26,1
27,3
28,3
29,4
30,4
31,2
32,3
33,4
34,4
35,2
36,3
37,4
38,3
39,3
40,2
41,4
42,1
43,3
44,2
45,4
46,1
47,1
48,3
49,3
50,4
51,3
52,4
53,1
54,4
55,4
56,4
57,2
58,2
59,3
60,3
61,3
62,3
63,2
64,3
65,2
66,3
67,1
68,4
69,2
70,2
71,3
72,2
73,1
74,4
75,2
76,1
77,2
78,2
79,2
80,3
81,4
82,2
83,4
84,4
85,4
86,3
87,1
88,2
89,4
90,4
91,4
92,3
93,3
94,3
95,2
96,2
97,2
98,2
99,2
100,4
101,2
102,2
103,3
104,1
105,3
106,3
107,4
108,4
109,2
110,4
111,3
112,3
113,4
114,3
115,4
116,3
117,4
118,3
119,3
120,2
121,4
122,2
123,2
124,4
125,2
126,4
127,3
128,2
129,2
130,2
131,3
132,4
133,4
134,3
135,3
136,4
137,4
138,4
139,4
140,3
141,2
142,2
143,4
144,3
145,4
146,4
147,2
148,3
149,2
150,2
151,2
152,4
153,2
154,3
155,3
156,4
157,1
158,1
159,4
160,4
161,2
162,1
163,2
164,4
165,4
166,4
167,4
168,2
169,1
170,1
171,2
172,3
173,4
174,2
175,3
176,2
177,1
178,1
179,2
180,1
181,3
182,2
183,3
184,3
185,4
186,4
187,1
188,2
189,2
190,4
191,4
192,4
193,3
194,3
195,3
196,3
197,2
198,2
199,2
200,4
201,4
202,2
203,2
204,2
205,3
206,2
207,3
208,1
209,4
210,1
211,2
212,1
213,2
214,2
215,3
216,2
217,4
218,2
219,4
220,2
221,4
222,2
223,4
224,2
225,4
226,2
227,3
228,3
229,2
230,2
231,3
232,2
233,2
234,2
235,1
236,2
237,4
238,4
239,1
240,2
241,1
242,3
243,3
244,3
245,2
246,3
247,4
248,4
249,2
250,2
251,4
252,1
253,4
254,4
255,4
256,1
257,4
258,2
259,4
260,1
261,4
262,4
263,3
264,3
265,2
266,3
267,2
268,2
269,4
270,2
271,4
272,3
273,2
274,4
275,3
276,2
277,4
278,3
279,2
280,3
281,4
282,1
283,3
284,4
285,2
286,1
287,3
288,3
289,1
290,3
291,4
292,4
293,4
294,4
295,3
296,4
297,4
298,2
299,4
300,2
301,1
302,3
303,4
304,4
305,4
306,2
307,4
308,4
309,4
310,2
311,2
312,4
313,2
314,3
315,2
316,4
317,1
318,2
319,4
320,1
321,2
322,2
323,4
324,4
325,2
326,4
327,4
328,4
329,4
330,2
331,3
332,3
333,4
334,3
335,2
336,3
337,1
338,2
339,4
340,2
341,2
342,2
343,1
344,4
345,2
346,4
347,3
348,3
349,2
350,4
351,4
352,4
353,1
354,4
355,4
356,4
357,3
358,4
359,4
360,4
361,4
362,2
363,2
364,3
365,2
366,3
367,1
368,4
369,3
370,1
371,1
372,3
373,2
374,3
375,1
376,2
377,3
378,4
379,2
380,2
381,4
382,4
383,4
384,2
385,3
386,2
387,4
388,3
389,2
390,4
391,2
392,2
393,4
394,2
395,2
396,3
397,4
398,4
399,3
400,4
401,3
402,3
403,4
404,2
405,4
406,4
407,4
408,2
409,2
410,2
411,2
412,2
413,1
414,3
415,1
416,3
417,3
418,3
419,1
420,4
421,2
422,4
423,2
424,4
425,4
426,4
427,4
428,3
429,3
430,1
431,1
432,4
433,2
434,3
435,4
436,2
437,2
438,4
439,2
440,4
441,1
442,1
443,4
444,2
445,3
446,4
447,4
448,2
449,2
450,3
451,3
452,4
453,2
454,4
455,4
456,2
457,3
458,2
459,3
460,2
461,2
462,3
463,4
464,3
465,4
466,3
467,4
468,2
469,3
470,3
471,2
472,2
473,3
474,3
475,3
476,4
477,3
478,4
479,3
480,3
481,1
482,1
483,2
484,2
485,2
486,4
487,4
488,4
489,3
490,2
491,3
492,1
493,3
494,3
495,4
496,3
497,3
498,3
499,3
500,4
501,4
502,4
503,2
504,4
505,2
506,3
507,3
508,4
509,1
510,4
511,2
512,2
513,3
514,4
515,2
516,3
517,4
518,4
519,2
520,4
521,4
522,3
523,1
524,1
525,2
526,3
527,4
528,4
529,3
530,4
531,2
532,4
533,2
534,2
535,4
536,3
537,2
538,4
539,4
540,3
541,3
542,3
543,3
544,4
545,3
546,2
547,2
548,2
549,3
550,2
551,2
552,4
553,3
554,3
555,4
556,3
557,3
558,3
559,2
560,2
561,4
562,3
563,4
564,3
565,2
566,4
567,2
568,4
569,4
570,2
571,3
572,3
573,4
574,2
575,4
576,3
577,3
578,2
579,4
580,4
581,3
582,2
583,3
584,2
585,4
586,2
587,4
588,2
589,3
590,4
591,3
592,2
593,1
594,2
595,1
596,1
597,3
598,3
599,4
600,4
601,2
602,1
603,3
604,2
605,3
606,1
607,4
608,3
609,3
610,4
611,3
612,2
613,2
614,3
615,1
616,1
617,3
618,4
619,3
620,3
621,2
622,2
623,3
624,1
625,1
626,4
627,4
628,2
629,2
630,4
631,3
632,1
633,3
634,3
635,4
636,2
637,3
638,4
639,1
640,1
641,4
642,1
643,3
644,3
645,3
646,4
647,3
648,2
649,2
650,4
651,4
652,4
653,3
654,4
655,2
656,2
657,2
658,3
659,4
660,1
661,4
662,3
663,2
664,3
665,3
666,1
667,2
668,3
669,3
670,3
671,4
672,4
673,4
674,4
675,4
676,2
677,3
678,2
679,2
680,2
681,3
682,4
683,4
684,4
685,2
686,2
687,4
688,2
689,2
690,3
691,2
692,1
693,2
694,3
695,2
696,4
697,4
698,2
699,1
700,3
701,3
702,4
703,1
704,3
705,2
706,1
707,1
708,4
709,2
710,2
711,3
712,2
713,3
714,3
715,1
716,4
717,3
718,2
719,3
720,2
721,2
722,2
723,2
724,4
725,1
726,3
727,3
728,2
729,2
730,3
731,2
732,2
733,4
734,2
735,3
736,2
737,2
738,3
739,4
740,4
741,3
742,2
743,4
744,1
745,1
746,4
747,2
748,3
749,2
750,2
751,4
752,4
753,2
754,3
755,2
756,3
757,3
758,2
759,4
760,3
761,3
762,4
763,2
764,3
765,3
766,2
767,2
768,4
769,2
770,4
771,2
772,4
773,4
774,3
775,2
776,4
777,2
778,1
779,3
780,3
781,1
782,3
783,2
784,2
785,3
786,3
787,3
788,2
789,4
790,2
791,2
792,4
793,2
794,4
795,4
796,3
797,2
798,2
799,3
800,4
801,2
802,3
803,2
804,2
805,3
806,1
807,1
808,4
809,3
810,4
811,4
812,3
813,3
814,3
815,1
816,3
817,2
818,2
819,2
820,2
821,3
822,1
823,3
824,2
825,2
826,2
827,4
828,1
829,4
830,1
831,3
832,4
833,3
834,1
835,2
836,2
837,3
838,4
839,1
840,4
841,4
842,4
843,2
844,2
845,4
846,3
847,1
848,2
849,4
850,2
851,3
852,1
853,2
854,2
855,4
856,4
857,3
858,2
859,3
860,4
861,3
862,2
863,4
864,3
865,4
866,4
867,3
868,2
869,4
870,4
871,2
872,2
873,3
874,2
875,4
876,4
877,3
878,3
879,3
880,4
881,2
882,2
883,3
884,2
885,4
886,2
887,3
888,2
889,4
890,4
891,4
892,2
893,2
894,2
895,4
896,3
897,2
898,1
899,2
900,4
901,4
902,1
903,3
904,2
905,2
906,4
907,4
908,4
909,2
910,2
911,2
912,4
913,2
914,4
915,3
916,4
917,2
918,2
919,2
920,3
921,4
922,3
923,4
924,2
925,4
926,3
927,2
928,2
929,1
930,3
931,3
932,4
933,3
934,3
935,3
936,4
937,3
938,2
939,4
940,4
941,2
942,4
943,3
944,4
945,4
946,2
947,3
948,4
949,1
950,1
951,4
952,1
953,2
954,1
955,1
956,2
957,4
958,4
959,4
960,2
961,4
962,3
963,4
964,3
965,1
966,2
967,1
968,1
969,4
970,2
971,4
972,4
973,3
974,4
975,3
976,2
977,3
978,2
979,4
980,1
981,3
982,4
983,2
984,2
985,4
986,3
987,3
988,2
989,2
990,3
991,4
992,4
993,4
994,3
995,4
996,1
997,4
998,2
999,2
1000,3
1001,3
1002,4
1003,3
1004,4
1005,4
1006,4
1007,1
1008,2
1009,3
1010,4
1011,4
1012,4
1013,2
1014,4
1015,3
1016,3
1017,3
1018,4
1019,2
1020,2
1021,4
1022,3
1023,4
1024,1
1025,1
1026,2
1027,2
1028,3
1029,4
1030,4
1031,4
1032,4
1033,3
1034,3
1035,2
1036,1
1037,4
1038,3
1039,4
1040,2
1041,3
1042,3
1043,2
1044,2
1045,2
1046,3
1047,2
1048,4
1049,3
1050,4
1051,1
1052,3
1053,3
1054,4
1055,3
1056,2
1057,1
1058,2
1059,2
1060,4
1061,2
1062,1
1063,4
1064,1
1065,4
1066,2
1067,4
1068,3
1069,4
1070,3
1071,4
1072,2
1073,1
1074,2
1075,2
1076,4
1077,2
1078,3
1079,4
1080,4
1081,2
1082,4
1083,2
1084,1
1085,4
1086,2
1087,4
1088,4
1089,3
1090,3
1091,3
1092,3
1093,2
1094,4
1095,1
1096,2
1097,3
1098,4
1099,2
1100,4
1101,4
1102,3
1103,2
1104,2
1105,4
1106,1
1107,3
1108,2
1109,2
1110,4
1111,2
1112,3
1113,3
1114,4
1115,2
1116,2
1117,1
1118,2
1119,4
1120,2
1121,2
1122,2
1123,3
1124,4
1125,3
1126,4
1127,1
1128,4
1129,1
1130,3
1131,2
1132,4
1133,2
1134,4
1135,4
1136,1
1137,1
1138,4
1139,3
1140,1
1141,3
1142,3
1143,1
1144,3
1145,3
1146,4
1147,1
1148,3
1149,4
1150,1
1151,1
1152,4
1153,3
1154,3
1155,1
1156,3
1157,4
1158,4
1159,2
1160,3
1161,4
1162,3
1163,4
1164,4
1165,2
1166,4
1167,3
1168,1
1169,4
1170,2
1171,1
1172,3
1173,4
1174,4
1175,2
1176,4
1177,2
1178,3
1179,3
1180,2
1181,4
1182,4
1183,2
1184,2
1185,4
1186,4
1187,4
1188,4
1189,2
1190,3
1191,4
1192,1
1193,2
1194,3
1195,1
1196,3
1197,3
1198,3
1199,3
1200,4
1201,2
1202,2
1203,3
1204,2
1205,3
1206,2
1207,3
1208,3
1209,3
1210,4
1211,4
1212,3
1213,3
1214,3
1215,2
1216,4
1217,4
1218,3
1219,2
1220,3
1221,4
1222,3
1223,1
1224,2
1225,1
1226,4
1227,3
1228,4
1229,3
1230,2
1231,2
1232,4
1233,2
1234,2
1235,2
1236,2
1237,1
1238,3
1239,4
1240,2
1241,4
1242,2
1243,2
1244,4
1245,2
1246,4
1247,2
1248,3
1249,4
1250,4
1251,1
1252,4
1253,1
1254,4
1255,4
1256,3
1257,2
1258,2
1259,2
1260,3
1261,2
1262,2
1263,4
1264,4
1265,3
1266,2
1267,3
1268,2
1269,2
1270,4
1271,1
1272,3
1273,4
1274,4
1275,4
1276,3
1277,1
1278,2
1279,2
1280,2
1281,4
1282,3
1283,3
1284,2
1285,2
1286,2
1287,4
1288,3
1289,3
1290,4
1291,4
1292,1
1293,3
1294,3
1295,3
1296,3
1297,4
1298,1
1299,2
1300,4
1301,4
1302,2
1303,4
1304,4
1305,1
1306,2
1307,3
1308,4
1309,2
1310,3
1311,3
1312,3
1313,3
1314,3
1315,1
1316,1
1317,3
1318,3
1319,3
1320,2
1321,4
1322,3
1323,4
1324,2
1325,3
1326,4
1327,3
1328,3
1329,3
1330,3
1331,2
1332,2
1333,3
1334,4
1335,4
1336,2
1337,2
1338,3
1339,4
1340,3
1341,2
1342,4
1343,3
1344,2
1345,3
1346,3
1347,2
1348,3
1349,4
1350,2
1351,2
1352,3
1353,2
1354,3
1355,2
1356,3
1357,2
1358,4
1359,4
1360,4
1361,2
1362,2
1363,2
1364,2
1365,2
1366,2
1367,4
1368,4
1369,4
1370,1
1371,1
1372,1
1373,4
1374,4
1375,4
1376,3
1377,2
1378,3
1379,2
1380,2
1381,3
1382,3
1383,3
1384,1
1385,2
1386,3
1387,2
1388,4
1389,4
1390,3
1391,3
1392,3
1393,4
1394,4
1395,4
1396,4
1397,4
1398,3
1399,3
1400,2
1401,3
1402,3
1403,2
1404,1
1405,2
1406,3
1407,3
1408,1
1409,2
1410,3
1411,3
1412,3
1413,2
1414,2
1415,4
1416,2
1417,4
1418,2
1419,4
1420,3
1421,3
1422,2
1423,2
1424,3
1425,4
1426,3
1427,3
1428,4
1429,4
1430,3
1431,3
1432,3
1433,2
1434,1
1435,3
1436,4
1437,2
1438,4
1439,4
1440,2
1441,2
1442,1
1443,3
1444,4
1445,1
1446,2
1447,4
1448,3
1449,3
1450,2
1451,4
1452,1
1453,4
1454,4
1455,4
1456,3
1457,3
1458,2
1459,3
1460,4
1461,4
1462,4
1463,4
1464,3
1465,3
1466,4
1467,2
1468,4
1469,3
1470,3
1471,3
1472,4
1473,4
1474,2
1475,3
1476,3
1477,3
1478,4
1479,2
1480,4
1481,3
1482,3
1483,4
1484,3
1485,3
1486,3
1487,2
1488,4
1489,2
1490,4
1491,3
1492,3
1493,2
1494,2
1495,2
1496,4
1497,3
1498,4
1499,2
1500,2
1501,3
1502,3
1503,2
1504,4
1505,2
1506,3
1507,4
1508,2
1509,3
1510,2
1511,1
1512,2
1513,2
1514,3
1515,2
1516,2
1517,2
1518,4
1519,4
1520,2
1521,3
1522,4
1523,2
1524,1
1525,4
1526,4
1527,3
1528,2
1529,2
1530,3
1531,1
1532,1
1533,2
1534,2
1535,2
1536,3
1537,4
1538,2
1539,3
1540,3
1541,2
1542,3
1543,3
1544,3
1545,2
1546,3
1547,4
1548,4
1549,3
1550,4
1551,3
1552,3
1553,4
1554,2
1555,2
1556,3
1557,3
1558,2
1559,2
1560,3
1561,2
1562,4
1563,1
1564,3
1565,3
1566,3
1567,4
1568,4
1569,3
1570,4
1571,2
1572,1
1573,2
1574,2
1575,2
1576,4
1577,2
1578,3
1579,4
1580,3
1581,2
1582,2
1583,3
1584,3
1585,4
1586,3
1587,2
1588,1
1589,4
1590,2
1591,2
1592,2
1593,1
1594,3
1595,4
1596,2
1597,2
1598,3
1599,4
1600,1
1601,3
1602,3
1603,4
1604,4
1605,3
1606,2
1607,2
1608,3
1609,4
1610,3
1611,3
1612,4
1613,4
1614,1
1615,3
1616,3
1617,4
1618,3
1619,2
1620,4
1621,1
1622,2
1623,1
1624,2
1625,3
1626,3
1627,2
1628,2
1629,4
1630,1
1631,4
1632,3
1633,3
1634,1
1635,4
1636,1
1637,4
1638,3
1639,4
1640,2
1641,1
1642,3
1643,2
1644,2
1645,4
1646,4
1647,2
1648,4
1649,3
1650,4
1651,2
1652,2
1653,4
1654,1
1655,3
1656,4
1657,1
1658,2
1659,4
1660,4
1661,3
1662,3
1663,1
1664,2
1665,2
1666,3
1667,2
1668,3
1669,2
1670,4
1671,4
1672,1
1673,2
1674,2
1675,4
1676,2
1677,3
1678,4
1679,2
1680,4
1681,4
1682,3
1683,4
1684,4
1685,3
1686,3
1687,4
1688,4
1689,2
1690,4
1691,2
1692,4
1693,2
1694,4
1695,2
1696,2
1697,3
1698,2
1699,4
1700,4
1701,3
1702,1
1703,4
1704,2
1705,2
1706,1
1707,2
1708,2
1709,2
1710,2
1711,4
1712,2
1713,4
1714,3
1715,1
1716,1
1717,4
1718,1
1719,3
1720,4
1721,4
1722,2
1723,4
1724,4
1725,4
1726,2
1727,2
1728,2
1729,2
1730,1
1731,4
1732,2
1733,4
1734,3
1735,2
1736,2
1737,1
1738,3
1739,1
1740,3
1741,3
1742,2
1743,2
1744,2
1745,4
1746,2
1747,1
1748,4
1749,2
1750,2
1751,4
1752,2
1753,2
1754,1
1755,4
1756,3
1757,2
1758,4
1759,2
1760,4
1761,3
1762,2
1763,1
1764,2
1765,2
1766,2
1767,4
1768,1
1769,4
1770,2
1771,2
1772,1
1773,1
1774,3
1775,4
1776,4
1777,3
1778,3
1779,3
1780,3
1781,4
1782,3
1783,3
1784,3
1785,2
1786,1
1787,3
1788,4
1789,4
1790,4
1791,1
1792,4
1793,1
1794,3
1795,2
1796,2
1797,1
1798,3
1799,2
1800,3
1801,4
1802,2
1803,4
1804,2
1805,4
1806,4
1807,4
1808,4
1809,4
1810,2
1811,4
1812,4
1813,3
1814,4
1815,2
1816,2
1817,2
1818,3
1819,2
1820,3
1821,3
1822,2
1823,2
1824,2
1825,4
1826,3
1827,3
1828,4
1829,1
1830,3
1831,4
1832,4
1833,3
1834,1
1835,2
1836,4
1837,1
1838,2
1839,4
1840,3
1841,2
1842,2
1843,3
1844,4
1845,4
1846,3
1847,1
1848,3
1849,3
1850,2
1851,2
1852,4
1853,1
1854,4
1855,2
1856,4
1857,2
1858,4
1859,2
1860,4
1861,1
1862,4
1863,3
1864,3
1865,3
1866,4
1867,4
1868,4
1869,2
1870,4
1871,2
1872,2
1873,2
1874,4
1875,1
1876,2
1877,1
1878,4
1879,4
1880,3
1881,3
1882,1
1883,2
1884,2
1885,2
1886,4
1887,4
1888,3
1889,3
1890,3
1891,4
1892,3
1893,2
1894,1
1895,4
1896,3
1897,4
1898,3
1899,4
1900,2
1901,4
1902,2
1903,1
1904,2
1905,4
1906,4
1907,4
1908,4
1909,4
1910,4
1911,4
1912,1
1913,3
1914,2
1915,4
1916,4
1917,3
1918,4
1919,2
1920,3
1921,4
1922,3
1923,3
1924,3
1925,4
1926,4
1927,4
1928,4
1929,1
1930,3
1931,2
1932,2
1933,2
1934,3
1935,2
1936,2
1937,4
1938,2
1939,3
1940,3
1941,3
1942,2
1943,1
1944,4
1945,2
1946,4
1947,1
1948,1
1949,2
1950,4
1951,4
1952,3
1953,1
1954,2
1955,3
1956,2
1957,2
1958,1
1959,4
1960,2
1961,2
1962,2
1963,3
1964,4
1965,4
1966,3
1967,3
1968,4
1969,1
1970,2
1971,4
1972,4
1973,4
1974,2
1975,3
1976,2
1977,2
1978,2
1979,2
1980,2
1981,2
1982,4
1983,3
1984,2
1985,2
1986,4
1987,3
1988,3
1989,2
1990,4
1991,3
1992,4
1993,3
1994,2
1995,2
1996,4
1997,1
1998,2
1999,3
2000,3
2001,2
2002,4
2003,4
2004,2
2005,2
2006,2
2007,4
2008,4
2009,3
2010,3
2011,3
2012,2
2013,2
2014,2
2015,3
2016,3
2017,3
2018,3
2019,4
2020,2
2021,4
2022,3
2023,3
2024,1
2025,2
2026,4
2027,3
2028,2
2029,4
2030,2
2031,2
2032,2
2033,1
2034,4
2035,4
2036,2
2037,2
2038,4
2039,3
2040,2
2041,3
2042,3
2043,4
2044,2
2045,2
2046,2
2047,3
2048,3
2049,3
2050,2
2051,2
2052,2
2053,3
2054,2
2055,2
2056,2
2057,4
2058,2
2059,2
2060,4
2061,1
2062,2
2063,4
2064,2
2065,4
2066,2
2067,4
2068,4
2069,4
2070,1
2071,2
2072,2
2073,4
2074,2
2075,2
2076,3
2077,1
2078,4
2079,3
2080,2
2081,2
2082,2
2083,4
2084,2
2085,2
2086,1
2087,3
2088,4
2089,3
2090,1
2091,2
2092,2
2093,3
2094,4
2095,2
2096,2
2097,3
2098,4
2099,3
2100,2
2101,4
2102,3
2103,4
2104,4
2105,3
2106,3
2107,1
2108,2
2109,4
2110,4
2111,2
2112,3
2113,3
2114,2
2115,3
2116,4
2117,2
2118,3
2119,3
2120,4
2121,1
2122,3
2123,4
2124,2
2125,2
2126,4
2127,3
2128,2
2129,4
2130,4
2131,4
2132,1
2133,3
2134,2
2135,2
2136,1
2137,4
2138,3
2139,4
2140,3
2141,2
2142,2
2143,1
2144,1
2145,2
2146,3
2147,4
2148,4
2149,4
2150,1
2151,2
2152,2
2153,4
2154,2
2155,4
2156,3
2157,4
2158,4
2159,4
2160,4
2161,1
2162,3
2163,3
2164,1
2165,4
2166,2
2167,4
2168,2
2169,4
2170,3
2171,4
2172,4
2173,1
2174,4
2175,3
2176,4
2177,4
2178,4
2179,3
2180,2
2181,2
2182,3
2183,4
2184,3
2185,4
2186,2
2187,1
2188,1
2189,4
2190,2
2191,3
2192,4
2193,4
2194,2
2195,3
2196,2
2197,2
2198,3
2199,3
2200,4
2201,4
2202,4
2203,2
2204,4
2205,3
2206,2
2207,4
2208,4
2209,2
2210,4
2211,4
2212,4
2213,2
2214,4
2215,4
2216,3
2217,4
2218,4
2219,4
2220,1
2221,4
2222,3
2223,2
2224,4
2225,4
2226,4
2227,2
2228,4
2229,2
2230,4
2231,4
2232,4
2233,2
2234,2
2235,3
2236,1
2237,1
2238,3
2239,4
2240,1
2241,2
2242,4
2243,2
2244,3
2245,2
2246,1
2247,4
2248,4
2249,2
2250,2
2251,3
2252,1
2253,2
2254,2
2255,4
2256,1
2257,4
2258,4
2259,3
2260,4
2261,2
2262,4
2263,4
2264,2
2265,3
2266,2
2267,3
2268,3
2269,4
2270,4
2271,2
2272,4
2273,1
2274,2
2275,2
2276,4
2277,2
2278,1
2279,1
2280,3
2281,3
2282,1
2283,2
2284,2
2285,3
2286,2
2287,3
2288,4
2289,2
2290,4
2291,3
2292,3
2293,3
2294,3
2295,3
2296,3
2297,3
2298,4
2299,3
2300,1
2301,2
2302,1
2303,4
2304,2
2305,3
2306,3
2307,2
2308,1
2309,3
2310,2
2311,1
2312,2
2313,1
2314,4
2315,4
2316,2
2317,4
2318,2
2319,2
2320,4
2321,2
2322,2
2323,3
2324,4
2325,2
2326,4
2327,2
2328,4
2329,4
2330,4
2331,2
2332,2
2333,2
2334,1
2335,3
2336,3
2337,4
2338,2
2339,3
2340,3
2341,1
2342,2
2343,4
2344,2
2345,2
2346,3
2347,4
2348,3
2349,1
2350,3
2351,4
2352,3
2353,4
2354,1
2355,1
2356,2
2357,1
2358,3
2359,2
2360,4
2361,2
2362,3
2363,4
2364,4
2365,3
2366,3
2367,2
2368,2
2369,3
2370,4
2371,3
2372,3
2373,2
2374,4
2375,4
2376,2
2377,4
2378,4
2379,2
2380,2
2381,4
2382,1
2383,4
2384,4
2385,4
2386,2
2387,2
2388,1
2389,2
2390,4
2391,2
2392,3
2393,2
2394,2
2395,4
2396,4
2397,2
2398,2
2399,2
2400,2
2401,3
2402,2
2403,1
2404,1
2405,1
2406,2
2407,2
2408,2
2409,4
2410,2
2411,4
2412,4
2413,2
2414,2
2415,4
2416,2
2417,4
2418,1
2419,3
2420,3
2421,3
2422,2
2423,4
2424,4
2425,2
2426,2
2427,3
2428,4
2429,2
2430,3
2431,3
2432,3
2433,4
2434,4
2435,2
2436,4
2437,1
2438,3
2439,3
2440,3
2441,4
2442,1
2443,4
2444,4
2445,4
2446,4
2447,3
2448,3
2449,3
2450,3
2451,2
2452,2
2453,4
2454,1
2455,4
2456,1
2457,2
2458,3
2459,2
2460,3
2461,3
2462,4
2463,1
2464,2
2465,3
2466,3
2467,3
2468,4
2469,4
2470,4
2471,2
2472,2
2473,2
2474,2
2475,1
2476,4
2477,2
2478,3
2479,4
2480,3
2481,1
2482,1
2483,2
2484,4
2485,4
2486,4
2487,2
2488,4
2489,4
2490,4
2491,2
2492,4
2493,4
2494,2
2495,3
2496,4
2497,4
2498,2
2499,2
2500,3
2501,4
2502,3
2503,2
2504,4
2505,2
2506,1
2507,4
2508,2
2509,3
2510,4
2511,3
2512,4
2513,2
2514,4
2515,4
2516,3
2517,4
2518,4
2519,2
2520,2
2521,2
2522,4
2523,4
2524,4
2525,4
2526,2
2527,2
2528,2
2529,4
2530,4
2531,2
2532,1
2533,2
2534,3
2535,3
2536,2
2537,2
2538,4
2539,3
2540,4
2541,3
2542,2
2543,4
2544,2
2545,3
2546,3
2547,2
2548,2
2549,2
2550,3
2551,4
2552,3
2553,2
2554,4
2555,3
2556,2
2557,4
2558,2
2559,3
2560,3
2561,1
2562,4
2563,4
2564,1
2565,1
2566,4
2567,1
2568,3
2569,2
2570,2
2571,1
2572,3
2573,3
2574,1
2575,3
2576,4
2577,2
2578,1
2579,2
2580,2
2581,2
2582,4
2583,4
2584,2
2585,2
2586,3
2587,3
2588,4
2589,2
2590,3
2591,2
2592,4
2593,2
2594,1
2595,2
2596,4
2597,2
2598,4
2599,3
2600,2
2601,3
2602,1
2603,3
2604,3
2605,4
2606,3
2607,4
2608,3
2609,4
2610,3
2611,3
2612,1
2613,4
2614,2
2615,4
2616,3
2617,3
2618,3
2619,3
2620,1
2621,4
2622,2
2623,4
2624,4
2625,4
2626,3
2627,2
2628,4
2629,4
2630,4
2631,4
2632,4
2633,1
2634,1
2635,2
2636,4
2637,1
2638,1
2639,4
2640,1
2641,2
2642,4
2643,4
2644,4
2645,4
2646,2
2647,2
2648,4
2649,4
2650,4
2651,4
2652,4
2653,3
2654,3
2655,2
2656,4
2657,1
2658,2
2659,3
2660,2
2661,4
2662,3
2663,2
2664,2
2665,2
2666,3
2667,4
2668,2
2669,3
2670,2
2671,1
2672,4
2673,3
2674,4
2675,4
2676,1
2677,2
2678,1
2679,3
2680,4
2681,4
2682,3
2683,4
2684,2
2685,3
2686,1
2687,4
2688,2
2689,1
2690,3
2691,4
2692,3
2693,3
2694,3
2695,4
2696,3
2697,4
2698,2
2699,2
2700,2
2701,3
2702,4
2703,3
2704,1
2705,2
2706,2
2707,4
2708,4
2709,3
2710,2
2711,2
2712,1
2713,3
2714,2
2715,1
2716,3
2717,2
2718,2
2719,1
2720,3
2721,1
2722,2
2723,4
2724,2
2725,3
2726,3
2727,2
2728,1
2729,3
2730,3
2731,2
2732,4
2733,2
2734,4
2735,4
2736,4
2737,3
2738,2
2739,1
2740,2
2741,2
2742,1
2743,3
2744,2
2745,4
2746,2
2747,2
2748,2
2749,1
2750,2
2751,3
2752,2
2753,2
2754,2
2755,3
2756,4
2757,2
2758,3
2759,2
2760,1
2761,1
2762,2
2763,3
2764,4
2765,3
2766,3
2767,4
2768,2
2769,2
2770,4
2771,2
2772,2
2773,1
2774,2
2775,3
2776,3
2777,1
2778,3
2779,2
2780,2
2781,2
2782,4
2783,2
2784,3
2785,1
2786,2
2787,2
2788,2
2789,4
2790,2
2791,4
2792,3
2793,4
2794,2
2795,3
2796,4
2797,3
2798,3
2799,4
2800,2
2801,4
2802,2
2803,4
2804,3
2805,4
2806,3
2807,4
2808,4
2809,2
2810,1
2811,2
2812,1
2813,3
2814,4
2815,3
2816,3
2817,2
2818,3
2819,2
2820,4
2821,3
2822,3
2823,3
2824,2
2825,2
2826,2
2827,4
2828,4
2829,4
2830,2
2831,2
2832,2
2833,1
2834,4
2835,4
2836,4
2837,4
2838,3
2839,2
2840,4
2841,2
2842,3
2843,4
2844,2
2845,2
2846,4
2847,3
2848,3
2849,1
2850,4
2851,3
2852,3
2853,3
2854,3
2855,1
2856,4
2857,3
2858,4
2859,4
2860,4
2861,3
2862,2
2863,3
2864,3
2865,2
2866,2
2867,3
2868,1
2869,4
2870,2
2871,3
2872,1
2873,3
2874,2
2875,3
2876,3
2877,2
2878,2
2879,3
2880,4
2881,2
2882,1
2883,3
2884,4
2885,2
2886,4
2887,3
2888,1
2889,3
2890,3
2891,1
2892,2
2893,2
2894,1
2895,1
2896,3
2897,4
2898,1
2899,4
2900,4
2901,1
2902,4
2903,1
2904,4
2905,1
2906,2
2907,3
2908,3
2909,2
2910,4
2911,2
2912,3
2913,3
2914,4
2915,2
2916,4
2917,2
2918,3
2919,4
2920,3
2921,2
2922,1
2923,2
2924,2
2925,1
2926,3
2927,1
2928,4
2929,4
2930,2
2931,1
2932,4
2933,1
2934,4
2935,3
2936,4
2937,4
2938,2
2939,4
2940,3
2941,2
2942,3
2943,3
2944,3
2945,1
2946,4
2947,2
2948,2
2949,2
2950,4
2951,4
2952,3
2953,4
2954,4
2955,3
2956,4
2957,3
2958,4
2959,2
2960,2
2961,4
2962,2
2963,2
2964,2
2965,3
2966,4
2967,2
2968,2
2969,2
2970,3
2971,1
2972,3
2973,1
2974,2
2975,2
2976,3
2977,3
2978,4
2979,3
2980,2
2981,4
2982,2
2983,3
2984,3
2985,4
2986,4
2987,2
2988,1
2989,2
2990,2
2991,4
2992,4
2993,4
2994,4
2995,4
2996,3
2997,2
2998,4
2999,4
3000,1
3001,3
3002,4
3003,4
3004,1
3005,4
3006,2
3007,2
3008,3
3009,4
3010,2
3011,2
3012,3
3013,3
3014,2
3015,2
3016,2
3017,3
3018,2
3019,2
3020,2
3021,2
3022,2
3023,2
3024,2
3025,2
3026,3
3027,1
3028,3
3029,2
3030,3
3031,4
3032,1
3033,2
3034,4
3035,2
3036,4
3037,1
3038,2
3039,2
3040,1
3041,3
3042,4
3043,4
3044,2
3045,2
3046,4
3047,2
3048,2
3049,3
3050,2
3051,3
3052,1
3053,4
3054,3
3055,3
3056,4
3057,3
3058,3
3059,3
3060,3
3061,3
3062,4
3063,3
3064,3
3065,4
3066,4
3067,2
3068,3
3069,3
3070,2
3071,3
3072,4
3073,2
3074,2
3075,1
3076,2
3077,3
3078,2
3079,1
3080,2
3081,1
3082,4
3083,1
3084,3
3085,3
3086,1
3087,2
3088,2
3089,2
3090,2
3091,4
3092,3
3093,4
3094,2
3095,1
3096,4
3097,2
3098,1
3099,4
3100,4
3101,2
3102,4
3103,4
3104,2
3105,2
3106,2
3107,4
3108,4
3109,1
3110,3
3111,3
3112,3
3113,2
3114,3
3115,3
3116,4
3117,4
3118,2
3119,4
3120,3
3121,1
3122,3
3123,2
3124,4
3125,2
3126,2
3127,1
3128,3
3129,4
3130,2
3131,3
3132,2
3133,2
3134,4
3135,4
3136,3
3137,4
3138,4
3139,4
3140,4
3141,4
3142,2
3143,3
3144,2
3145,4
3146,2
3147,2
3148,4
3149,4
3150,3
3151,2
3152,2
3153,3
3154,4
3155,2
3156,2
3157,3
3158,1
3159,4
3160,2
3161,3
3162,1
3163,3
3164,1
3165,4
3166,4
3167,3
3168,2
3169,4
3170,4
3171,2
3172,2
3173,3
3174,4
3175,1
3176,2
3177,4
3178,1
3179,3
3180,2
3181,2
3182,3
3183,4
3184,4
3185,3
3186,3
3187,3
3188,2
3189,1
3190,4
3191,2
3192,4
3193,2
3194,2
3195,4
3196,1
3197,4
3198,4
3199,2
3200,2
3201,3
3202,3
3203,4
3204,2
3205,1
3206,2
3207,2
3208,2
3209,4
3210,3
3211,1
3212,4
3213,1
3214,3
3215,4
3216,3
3217,3
3218,3
3219,2
3220,1
3221,4
3222,2
3223,2
3224,4
3225,3
3226,4
3227,3
3228,2
3229,2
3230,2
3231,4
3232,1
3233,3
3234,4
3235,3
3236,2
3237,4
3238,2
3239,3
3240,4
3241,2
3242,4
3243,2
3244,2
3245,2
3246,3
3247,4
3248,1
3249,1
3250,2
3251,4
3252,3
3253,2
3254,3
3255,4
3256,4
3257,4
3258,4
3259,3
3260,4
3261,4
3262,3
3263,2
3264,3
3265,1
3266,4
3267,3
3268,3
3269,3
3270,2
3271,1
3272,3
3273,4
3274,2
3275,4
3276,4
3277,4
3278,2
3279,4
3280,1
3281,2
3282,1
3283,2
3284,2
3285,4
3286,2
3287,4
3288,4
3289,2
3290,3
3291,2
3292,4
3293,3
3294,4
3295,2
3296,2
3297,4
3298,3
3299,4
3300,3
3301,3
3302,4
3303,4
3304,3
3305,4
3306,4
3307,4
3308,1
3309,1
3310,2
3311,2
3312,2
3313,1
3314,2
3315,4
3316,1
3317,4
3318,3
3319,3
3320,2
3321,3
3322,3
3323,2
3324,3
3325,2
3326,2
3327,2
3328,1
3329,1
3330,1
3331,1
3332,4
3333,3
3334,2
3335,4
3336,2
3337,3
3338,4
3339,2
3340,2
3341,1
3342,1
3343,1
3344,1
3345,2
3346,1
3347,4
3348,2
3349,4
3350,4
3351,4
3352,1
3353,2
3354,3
3355,2
3356,4
3357,2
3358,3
3359,4
3360,1
3361,3
3362,3
3363,3
3364,2
3365,3
3366,2
3367,3
3368,3
3369,2
3370,1
3371,4
3372,3
3373,2
3374,2
3375,4
3376,3
3377,4
3378,4
3379,3
3380,2
3381,4
3382,3
3383,4
3384,3
3385,4
3386,4
3387,4
3388,1
3389,3
3390,3
3391,2
3392,2
3393,3
3394,3
3395,4
3396,3
3397,3
3398,4
3399,2
3400,3
3401,3
3402,3
3403,4
3404,2
3405,4
3406,3
3407,4
3408,3
3409,4
3410,4
3411,2
3412,4
3413,4
3414,2
3415,4
3416,3
3417,4
3418,4
3419,3
3420,4
3421,2
3422,3
3423,1
3424,4
3425,3
3426,2
3427,3
3428,2
3429,3
3430,2
3431,2
3432,3
3433,2
3434,4
3435,2
3436,4
3437,3
3438,2
3439,4
3440,4
3441,3
3442,2
3443,3
3444,3
3445,2
3446,4
3447,2
3448,4
3449,4
3450,2
3451,4
3452,1
3453,3
3454,2
3455,3
3456,2
3457,3
3458,2
3459,3
3460,2
3461,4
3462,2
3463,2
3464,4
3465,4
3466,1
3467,2
3468,2
3469,4
3470,2
3471,2
3472,2
3473,2
3474,3
3475,2
3476,4
3477,2
3478,4
3479,1
3480,3
3481,4
3482,3
3483,4
3484,4
3485,3
3486,3
3487,2
3488,3
3489,3
3490,2
3491,4
3492,4
3493,2
3494,2
3495,3
3496,3
3497,3
3498,4
3499,2
3500,4
3501,1
3502,2
3503,4
3504,3
3505,2
3506,1
3507,2
3508,3
3509,2
3510,3
3511,3
3512,3
3513,4
3514,2
3515,3
3516,4
3517,4
3518,2
3519,3
3520,1
3521,3
3522,4
3523,3
3524,4
3525,4
3526,4
3527,2
3528,1
3529,3
3530,3
3531,3
3532,4
3533,2
3534,2
3535,4
3536,3
3537,4
3538,4
3539,3
3540,2
3541,4
3542,2
3543,2
3544,2
3545,3
3546,3
3547,2
3548,2
3549,3
3550,3
3551,2
3552,4
3553,2
3554,4
3555,3
3556,3
3557,2
3558,4
3559,2
3560,2
3561,3
3562,4
3563,2
3564,4
3565,1
3566,1
3567,1
3568,3
3569,2
3570,2
3571,4
3572,2
3573,4
3574,4
3575,2
3576,4
3577,2
3578,2
3579,3
3580,3
3581,3
3582,2
3583,4
3584,2
3585,3
3586,4
3587,4
3588,2
3589,2
3590,2
3591,3
3592,1
3593,3
3594,2
3595,4
3596,4
3597,2
3598,4
3599,4
3600,4
3601,4
3602,3
3603,1
3604,3
3605,4
3606,2
3607,4
3608,4
3609,2
3610,2
3611,3
3612,2
3613,2
3614,2
3615,3
3616,2
3617,4
3618,4
3619,3
3620,4
3621,1
3622,3
3623,3
3624,4
3625,2
3626,3
3627,2
3628,4
3629,4
3630,3
3631,2
3632,4
3633,4
3634,2
3635,2
3636,2
3637,4
3638,3
3639,4
3640,2
3641,3
3642,1
3643,2
3644,2
3645,4
3646,2
3647,2
3648,1
3649,4
3650,2
3651,3
3652,3
3653,4
3654,4
3655,1
3656,1
3657,2
3658,3
3659,4
3660,1
3661,3
3662,4
3663,4
3664,3
3665,1
3666,4
3667,2
3668,4
3669,3
3670,2
3671,4
3672,2
3673,4
3674,2
3675,2
3676,4
3677,3
3678,3
3679,2
3680,3
3681,3
3682,1
3683,3
3684,3
3685,3
3686,2
3687,3
3688,3
3689,4
3690,4
3691,4
3692,3
3693,4
3694,4
3695,4
3696,1
3697,2
3698,4
3699,3
3700,3
3701,2
3702,1
3703,2
3704,2
3705,2
3706,4
3707,2
3708,3
3709,1
3710,1
3711,3
3712,2
3713,2
3714,4
3715,4
3716,3
3717,4
3718,4
3719,2
3720,1
3721,2
3722,2
3723,1
3724,2
3725,4
3726,2
3727,4
3728,4
3729,2
3730,1
3731,2
3732,2
3733,1
3734,1
3735,3
3736,3
3737,1
3738,4
3739,4
3740,3
3741,3
3742,3
3743,2
3744,4
3745,4
3746,3
3747,1
3748,3
3749,4
3750,1
3751,2
3752,3
3753,4
3754,4
3755,1
3756,4
3757,3
3758,3
3759,2
3760,1
3761,4
3762,2
3763,2
3764,4
3765,4
3766,4
3767,2
3768,3
3769,3
3770,2
3771,2
3772,4
3773,3
3774,2
3775,4
3776,1
3777,2
3778,2
3779,2
3780,2
3781,3
3782,2
3783,2
3784,3
3785,2
3786,2
3787,1
3788,1
3789,3
3790,4
3791,1
3792,2
3793,3
3794,2
3795,1
3796,4
3797,4
3798,3
3799,4
3800,1
3801,3
3802,2
3803,4
3804,3
3805,4
3806,4
3807,2
3808,3
3809,2
3810,4
3811,3
3812,3
3813,1
3814,4
3815,2
3816,2
3817,3
3818,4
3819,3
3820,4
3821,4
3822,2
3823,2
3824,2
3825,4
3826,1
3827,4
3828,3
3829,3
3830,1
3831,4
3832,4
3833,2
3834,1
3835,4
3836,4
3837,4
3838,4
3839,3
3840,2
3841,1
3842,4
3843,1
3844,2
3845,2
3846,4
3847,2
3848,3
3849,2
3850,2
3851,1
3852,2
3853,4
3854,3
3855,2
3856,3
3857,2
3858,3
3859,2
3860,4
3861,4
3862,3
3863,3
3864,4
3865,3
3866,1
3867,2
3868,4
3869,2
3870,2
3871,2
3872,1
3873,3
3874,3
3875,4
3876,3
3877,4
3878,2
3879,4
3880,3
3881,4
3882,2
3883,3
3884,2
3885,1
3886,2
3887,4
3888,4
3889,3
3890,2
3891,4
3892,3
3893,2
3894,4
3895,2
3896,2
3897,2
3898,2
3899,4
3900,3
3901,2
3902,4
3903,2
3904,3
3905,3
3906,3
3907,3
3908,4
3909,1
3910,2
3911,3
3912,4
3913,2
3914,3
3915,3
3916,3
3917,4
3918,4
3919,4
3920,2
3921,2
3922,1
3923,3
3924,3
3925,3
3926,4
3927,4
3928,2
3929,1
3930,4
3931,3
3932,3
3933,2
3934,2
3935,4
3936,2
3937,4
3938,3
3939,4
3940,3
3941,3
3942,3
3943,1
3944,3
3945,4
3946,3
3947,3
3948,3
3949,3
3950,4
3951,2
3952,2
3953,1
3954,3
3955,3
3956,1
3957,4
3958,3
3959,2
3960,3
3961,4
3962,4
3963,1
3964,3
3965,2
3966,4
3967,3
3968,3
3969,4
3970,4
3971,2
3972,3
3973,1
3974,3
3975,4
3976,2
3977,3
3978,4
3979,2
3980,2
3981,3
3982,2
3983,3
3984,3
3985,4
3986,3
3987,2
3988,3
3989,2
3990,4
3991,4
3992,3
3993,3
3994,2
3995,2
3996,4
3997,2
3998,4
3999,4
4000,4
4001,3
4002,3
4003,4
4004,4
4005,4
4006,3
4007,3
4008,4
4009,3
4010,2
4011,3
4012,4
4013,4
4014,2
4015,3
4016,4
4017,1
4018,3
4019,4
4020,4
4021,2
4022,4
4023,2
4024,3
4025,4
4026,2
4027,2
4028,1
4029,3
4030,4
4031,2
4032,3
4033,2
4034,3
4035,2
4036,1
4037,3
4038,4
4039,3
4040,4
4041,2
4042,4
4043,2
4044,1
4045,1
4046,4
4047,1
4048,4
4049,4
4050,3
4051,1
4052,4
4053,1
4054,1
4055,4
4056,4
4057,4
4058,4
4059,2
4060,2
4061,2
4062,3
4063,2
4064,4
4065,4
4066,2
4067,3
4068,4
4069,1
4070,4
4071,3
4072,2
4073,4
4074,1
4075,2
4076,3
4077,4
4078,2
4079,4
4080,4
4081,1
4082,4
4083,1
4084,2
4085,2
4086,2
4087,3
4088,2
4089,4
4090,2
4091,3
4092,2
4093,1
4094,3
4095,1
4096,3
4097,2
4098,2
4099,2
4100,4
4101,3
4102,2
4103,2
4104,2
4105,1
4106,2
4107,3
4108,2
4109,3
4110,3
4111,2
4112,4
4113,2
4114,4
4115,3
4116,4
4117,2
4118,2
4119,2
4120,2
4121,1
4122,4
4123,2
4124,2
4125,3
4126,4
4127,4
4128,4
4129,4
4130,3
4131,2
4132,3
4133,2
4134,4
4135,4
4136,2
4137,2
4138,2
4139,3
4140,2
4141,1
4142,2
4143,3
4144,3
4145,4
4146,4
4147,2
4148,1
4149,4
4150,3
4151,2
4152,2
4153,1
4154,3
4155,4
4156,2
4157,2
4158,3
4159,2
4160,2
4161,1
4162,4
4163,4
4164,4
4165,4
4166,4
4167,3
4168,4
4169,3
4170,2
4171,4
4172,2
4173,3
4174,4
4175,3
4176,2
4177,2
4178,2
4179,3
4180,4
4181,2
4182,4
4183,4
4184,4
4185,4
4186,3
4187,3
4188,4
4189,3
4190,4
4191,2
4192,3
4193,4
4194,3
4195,1
4196,2
4197,2
4198,2
4199,3
4200,2
4201,4
4202,4
4203,4
4204,2
4205,2
4206,2
4207,3
4208,2
4209,3
4210,3
4211,4
4212,2
4213,4
4214,3
4215,1
4216,4
4217,2
4218,3
4219,4
4220,3
4221,4
4222,3
4223,2
4224,4
4225,2
4226,4
4227,2
4228,3
4229,2
4230,4
4231,4
4232,1
4233,1
4234,2
4235,2
4236,4
4237,3
4238,3
4239,3
4240,3
4241,3
4242,4
4243,4
4244,2
4245,3
4246,2
4247,4
4248,4
4249,2
4250,2
4251,3
4252,2
4253,2
4254,2
4255,1
4256,2
4257,3
4258,4
4259,3
4260,4
4261,2
4262,2
4263,4
4264,3
4265,2
4266,2
4267,2
4268,4
4269,3
4270,2
4271,2
4272,4
4273,2
4274,4
4275,3
4276,2
4277,2
4278,1
4279,2
4280,2
4281,2
4282,4
4283,2
4284,2
4285,2
4286,4
4287,3
4288,1
4289,1
4290,4
4291,2
4292,2
4293,4
4294,2
4295,1
4296,1
4297,1
4298,4
4299,3
4300,3
4301,3
4302,2
4303,2
4304,4
4305,1
4306,4
4307,3
4308,4
4309,4
4310,3
4311,3
4312,2
4313,4
4314,1
4315,2
4316,2
4317,2
4318,2
4319,4
4320,2
4321,2
4322,4
4323,2
4324,1
4325,4
4326,3
4327,4
4328,1
4329,3
4330,4
4331,4
4332,1
4333,3
4334,1
4335,3
4336,2
4337,2
4338,2
4339,2
4340,2
4341,3
4342,3
4343,2
4344,1
4345,4
4346,4
4347,2
4348,2
4349,4
4350,3
4351,2
4352,3
4353,4
4354,2
4355,4
4356,4
4357,1
4358,4
4359,2
4360,4
4361,3
4362,4
4363,4
4364,1
4365,1
4366,3
4367,2
4368,2
4369,4
4370,3
4371,1
4372,3
4373,4
4374,4
4375,4
4376,3
4377,4
4378,4
4379,2
4380,4
4381,2
4382,4
4383,4
4384,2
4385,1
4386,1
4387,3
4388,4
4389,4
4390,4
4391,4
4392,2
4393,2
4394,3
4395,2
4396,4
4397,2
4398,4
4399,3
4400,4
4401,3
4402,4
4403,2
4404,1
4405,4
4406,3
4407,2
4408,1
4409,2
4410,3
4411,3
4412,2
4413,4
4414,4
4415,2
4416,4
4417,4
4418,2
4419,3
4420,3
4421,2
4422,4
4423,3
4424,2
4425,2
4426,4
4427,2
4428,2
4429,3
4430,1
4431,4
4432,3
4433,2
4434,2
4435,3
4436,4
4437,2
4438,3
4439,4
4440,4
4441,3
4442,3
4443,2
4444,2
4445,2
4446,2
4447,2
4448,4
4449,1
4450,3
4451,4
4452,2
4453,4
4454,4
4455,2
4456,2
4457,4
4458,1
4459,1
4460,2
4461,1
4462,2
4463,4
4464,4
4465,2
4466,4
4467,4
4468,4
4469,3
4470,2
4471,4
4472,1
4473,4
4474,2
4475,2
4476,3
4477,2
4478,4
4479,3
4480,2
4481,2
4482,4
4483,2
4484,2
4485,4
4486,3
4487,2
4488,4
4489,4
4490,4
4491,3
4492,3
4493,4
4494,2
4495,3
4496,3
4497,3
4498,2
4499,4
4500,4
4501,4
4502,3
4503,4
4504,4
4505,4
4506,1
4507,3
4508,3
4509,4
4510,4
4511,3
4512,4
4513,3
4514,4
4515,3
4516,2
4517,3
4518,2
4519,4
4520,4
4521,2
4522,2
4523,3
4524,4
4525,3
4526,4
4527,4
4528,4
4529,3
4530,3
4531,3
4532,3
4533,2
4534,4
4535,4
4536,4
4537,3
4538,2
4539,3
4540,3
4541,4
4542,3
4543,1
4544,4
4545,3
4546,2
4547,2
4548,4
4549,3
4550,4
4551,4
4552,4
4553,3
4554,1
4555,4
4556,1
4557,3
4558,1
4559,4
4560,1
4561,2
4562,3
4563,2
4564,3
4565,1
4566,3
4567,2
4568,4
4569,4
4570,4
4571,2
4572,4
4573,1
4574,1
4575,4
4576,2
4577,2
4578,1
4579,3
4580,1
4581,2
4582,3
4583,3
4584,3
4585,2
4586,2
4587,2
4588,2
4589,1
4590,1
4591,4
4592,2
4593,4
4594,1
4595,2
4596,2
4597,1
4598,1
4599,4
4600,3
4601,4
4602,4
4603,2
4604,3
4605,3
4606,4
4607,2
4608,3
4609,4
4610,3
4611,4
4612,4
4613,4
4614,2
4615,1
4616,3
4617,2
4618,4
4619,2
4620,1
4621,1
4622,4
4623,1
4624,1
4625,1
4626,2
4627,4
4628,4
4629,4
4630,1
4631,3
4632,4
4633,4
4634,4
4635,4
4636,3
4637,3
4638,4
4639,4
4640,4
4641,2
4642,2
4643,4
4644,3
4645,3
4646,2
4647,4
4648,2
4649,2
4650,3
4651,2
4652,2
4653,4
4654,2
4655,1
4656,3
4657,4
4658,1
4659,2
4660,4
4661,4
4662,4
4663,3
4664,4
4665,1
4666,2
4667,4
4668,4
4669,2
4670,2
4671,3
4672,4
4673,3
4674,4
4675,2
4676,2
4677,2
4678,2
4679,4
4680,4
4681,2
4682,2
4683,3
4684,4
4685,1
4686,2
4687,3
4688,3
4689,3
4690,4
4691,1
4692,3
4693,4
4694,3
4695,1
4696,3
4697,4
4698,4
4699,2
4700,4
4701,2
4702,3
4703,4
4704,2
4705,2
4706,3
4707,3
4708,3
4709,1
4710,1
4711,4
4712,3
4713,3
4714,4
4715,1
4716,2
4717,4
4718,3
4719,4
4720,3
4721,3
4722,3
4723,3
4724,4
4725,1
4726,4
4727,3
4728,2
4729,4
4730,2
4731,3
4732,2
4733,3
4734,4
4735,2
4736,2
4737,3
4738,1
4739,3
4740,3
4741,2
4742,2
4743,2
4744,4
4745,4
4746,3
4747,3
4748,3
4749,1
4750,4
4751,2
4752,1
4753,3
4754,2
4755,2
4756,3
4757,4
4758,2
4759,2
4760,2
4761,3
4762,3
4763,3
4764,4
4765,3
4766,2
4767,1
4768,2
4769,4
4770,2
4771,2
4772,2
4773,4
4774,3
4775,3
4776,3
4777,4
4778,2
4779,4
4780,3
4781,4
4782,3
4783,4
4784,2
4785,4
4786,4
4787,4
4788,4
4789,3
4790,3
4791,4
4792,2
4793,2
4794,2
4795,3
4796,3
4797,3
4798,3
4799,2
4800,2
4801,2
4802,2
4803,2
4804,4
4805,1
4806,1
4807,2
4808,2
4809,4
4810,4
4811,3
4812,4
4813,3
4814,4
4815,4
4816,2
4817,2
4818,2
4819,2
4820,4
4821,3
4822,2
4823,4
4824,4
4825,4
4826,2
4827,1
4828,3
4829,4
4830,4
4831,2
4832,2
4833,2
4834,3
4835,3
4836,4
4837,3
4838,4
4839,2
4840,2
4841,4
4842,4
4843,2
4844,1
4845,2
4846,3
4847,1
4848,1
4849,2
4850,1
4851,3
4852,4
4853,3
4854,2
4855,2
4856,1
4857,4
4858,3
4859,1
4860,2
4861,3
4862,2
4863,3
4864,3
4865,1
4866,2
4867,2
4868,3
4869,4
4870,2
4871,2
4872,1
4873,3
4874,3
4875,4
4876,4
4877,3
4878,3
4879,3
4880,4
4881,2
4882,4
4883,1
4884,3
4885,2
4886,4
4887,1
4888,4
4889,4
4890,4
4891,1
4892,4
4893,3
4894,2
4895,2
4896,2
4897,1
4898,4
4899,4
4900,4
4901,4
4902,4
4903,1
4904,3
4905,1
4906,4
4907,2
4908,4
4909,3
4910,3
4911,2
4912,2
4913,4
4914,4
4915,4
4916,3
4917,2
4918,1
4919,2
4920,4
4921,4
4922,4
4923,3
4924,3
4925,4
4926,4
4927,3
4928,4
4929,4
4930,3
4931,2
4932,1
4933,1
4934,2
4935,4
4936,3
4937,4
4938,4
4939,2
4940,3
4941,4
4942,4
4943,4
4944,4
4945,1
4946,4
4947,4
4948,1
4949,2
4950,4
4951,4
4952,4
4953,3
4954,2
4955,4
4956,4
4957,4
4958,4
4959,3
4960,1
4961,2
4962,4
4963,1
4964,1
4965,1
4966,3
4967,3
4968,2
4969,4
4970,3
4971,4
4972,2
4973,1
4974,1
4975,2
4976,1
4977,2
4978,4
4979,1
4980,2
4981,1
4982,3
4983,3
4984,1
4985,4
4986,2
4987,4
4988,4
4989,4
4990,2
4991,3
4992,3
4993,4
4994,1
4995,4
4996,3
4997,4
4998,4
4999,2
5000,3
5001,2
5002,4
5003,4
5004,4
5005,1
5006,3
5007,1
5008,4
5009,3
5010,2
5011,2
5012,4
5013,4
5014,3
5015,1
5016,2
5017,2
5018,3
5019,4
5020,1
5021,4
5022,4
5023,4
5024,2
5025,2
5026,4
5027,4
5028,2
5029,2
5030,2
5031,4
5032,4
5033,2
5034,4
5035,2
5036,3
5037,2
5038,4
5039,4
5040,4
5041,4
5042,3
5043,3
5044,3
5045,2
5046,4
5047,3
5048,3
5049,3
5050,1
5051,2
5052,2
5053,3
5054,4
5055,1
5056,1
5057,1
5058,2
5059,3
5060,4
5061,3
5062,2
5063,4
5064,4
5065,4
5066,3
5067,2
5068,2
5069,2
5070,2
5071,2
5072,4
5073,1
5074,3
5075,2
5076,4
5077,1
5078,3
5079,2
5080,3
5081,3
5082,2
5083,1
5084,4
5085,4
5086,2
5087,2
5088,4
5089,4
5090,2
5091,4
5092,2
5093,3
5094,4
5095,2
5096,3
5097,3
5098,2
5099,2
5100,2
5101,1
5102,4
5103,3
5104,2
5105,1
5106,4
5107,4
5108,2
5109,1
5110,2
5111,1
5112,2
5113,4
5114,4
5115,3
5116,1
5117,2
5118,4
5119,3
5120,2
5121,4
5122,2
5123,3
5124,3
5125,3
5126,4
5127,2
5128,3
5129,2
5130,3
5131,3
5132,4
5133,4
5134,3
5135,2
5136,3
5137,1
5138,3
5139,3
5140,2
5141,3
5142,4
5143,2
5144,2
5145,3
5146,3
5147,3
5148,2
5149,2
5150,3
5151,4
5152,1
5153,2
5154,4
5155,4
5156,4
5157,2
5158,3
5159,2
5160,3
5161,3
5162,2
5163,3
5164,1
5165,3
5166,4
5167,1
5168,4
5169,3
5170,2
5171,2
5172,2
5173,2
5174,4
5175,4
5176,2
5177,2
5178,3
5179,4
5180,3
5181,4
5182,4
5183,4
5184,3
5185,1
5186,4
5187,1
5188,2
5189,3
5190,2
5191,4
5192,4
5193,1
5194,3
5195,4
5196,1
5197,4
5198,3
5199,3
5200,2
5201,1
5202,2
5203,4
5204,3
5205,3
5206,2
5207,2
5208,4
5209,2
5210,4
5211,4
5212,1
5213,2
5214,3
5215,3
5216,3
5217,4
5218,4
5219,2
5220,1
5221,1
5222,1
5223,2
5224,4
5225,1
5226,2
5227,1
5228,1
5229,2
5230,1
5231,2
5232,2
5233,3
5234,4
5235,4
5236,4
5237,2
5238,1
5239,2
5240,1
5241,4
5242,4
5243,3
5244,4
5245,4
5246,3
5247,2
5248,4
5249,2
5250,2
5251,2
5252,3
5253,4
5254,3
5255,2
5256,2
5257,2
5258,2
5259,3
5260,4
5261,2
5262,3
5263,2
5264,4
5265,2
5266,3
5267,1
5268,1
5269,2
5270,4
5271,1
5272,4
5273,4
5274,4
5275,1
5276,3
5277,4
5278,2
5279,4
5280,3
5281,3
5282,4
5283,2
5284,2
5285,4
5286,4
5287,2
5288,1
5289,2
5290,4
5291,1
5292,3
5293,3
5294,3
5295,3
5296,3
5297,3
5298,3
5299,4
5300,4
5301,1
5302,4
5303,3
5304,3
5305,2
5306,3
5307,1
5308,3
5309,4
5310,2
5311,2
5312,3
5313,2
5314,2
5315,3
5316,4
5317,2
5318,4
5319,3
5320,3
5321,4
5322,4
5323,2
5324,1
5325,4
5326,4
5327,3
5328,3
5329,2
5330,3
5331,3
5332,2
5333,3
5334,2
5335,1
5336,4
5337,2
5338,2
5339,4
5340,4
5341,3
5342,3
5343,3
5344,4
5345,2
5346,4
5347,4
5348,4
5349,2
5350,2
5351,2
5352,2
5353,2
5354,4
5355,2
5356,2
5357,1
5358,4
5359,1
5360,2
5361,4
5362,1
5363,4
5364,2
5365,2
5366,3
5367,4
5368,4
5369,1
5370,3
5371,3
5372,4
5373,4
5374,3
5375,4
5376,2
5377,3
5378,3
5379,1
5380,2
5381,2
5382,2
5383,3
5384,4
5385,3
5386,2
5387,2
5388,2
5389,4
5390,2
5391,3
5392,2
5393,1
5394,2
5395,4
5396,2
5397,4
5398,3
5399,3
5400,2
5401,3
5402,4
5403,2
5404,4
5405,3
5406,4
5407,1
5408,4
5409,2
5410,3
5411,2
5412,2
5413,4
5414,2
5415,4
5416,3
5417,4
5418,3
5419,3
5420,2
5421,3
5422,2
5423,2
5424,2
5425,1
5426,4
5427,3
5428,2
5429,4
5430,3
5431,2
5432,2
5433,3
5434,3
5435,1
5436,1
5437,4
5438,4
5439,3
5440,2
5441,2
5442,3
5443,4
5444,2
5445,2
5446,2
5447,2
5448,4
5449,2
5450,3
5451,4
5452,4
5453,4
5454,2
5455,2
5456,3
5457,2
5458,4
5459,4
5460,4
5461,3
5462,3
5463,2
5464,4
5465,4
5466,4
5467,4
5468,4
5469,4
5470,3
5471,3
5472,4
5473,4
5474,3
5475,1
5476,1
5477,4
5478,3
5479,4
5480,4
5481,4
5482,2
5483,3
5484,3
5485,2
5486,4
5487,3
5488,2
5489,2
5490,3
5491,4
5492,4
5493,2
5494,1
5495,1
5496,4
5497,4
5498,4
5499,2
5500,2
5501,4
5502,3
5503,2
5504,3
5505,4
5506,4
5507,1
5508,4
5509,1
5510,4
5511,3
5512,1
5513,3
5514,2
5515,2
5516,3
5517,2
5518,1
5519,1
5520,2
5521,2
5522,1
5523,3
5524,3
5525,2
5526,3
5527,4
5528,3
5529,1
5530,2
5531,3
5532,1
5533,4
5534,3
5535,4
5536,3
5537,2
5538,4
5539,2
5540,2
5541,4
5542,2
5543,3
5544,2
5545,4
5546,3
5547,4
5548,4
5549,4
5550,1
5551,3
5552,2
5553,1
5554,3
5555,4
5556,3
5557,3
5558,4
5559,4
5560,2
5561,3
5562,4
5563,4
5564,4
5565,3
5566,3
5567,3
5568,2
5569,2
5570,3
5571,2
5572,3
5573,2
5574,4
5575,2
5576,2
5577,1
5578,3
5579,1
5580,4
5581,1
5582,2
5583,4
5584,3
5585,2
5586,2
5587,3
5588,3
5589,3
5590,3
5591,2
5592,2
5593,4
5594,4
5595,2
5596,2
5597,3
5598,4
5599,4
5600,4
5601,2
5602,4
5603,3
5604,2
5605,2
5606,4
5607,1
5608,4
5609,2
5610,4
5611,4
5612,1
5613,4
5614,2
5615,4
5616,4
5617,4
5618,3
5619,4
5620,4
5621,3
5622,1
5623,4
5624,2
5625,4
5626,3
5627,2
5628,4
5629,3
5630,1
5631,2
5632,4
5633,3
5634,2
5635,3
5636,2
5637,2
5638,3
5639,3
5640,2
5641,4
5642,1
5643,1
5644,3
5645,1
5646,4
5647,2
5648,4
5649,2
5650,3
5651,1
5652,3
5653,4
5654,2
5655,2
5656,4
5657,3
5658,2
5659,1
5660,3
5661,3
5662,3
5663,2
5664,3
5665,3
5666,3
5667,1
5668,2
5669,4
5670,4
5671,1
5672,2
5673,2
5674,1
5675,4
5676,2
5677,2
5678,3
5679,3
5680,2
5681,2
5682,2
5683,3
5684,4
5685,3
5686,3
5687,2
5688,2
5689,4
5690,2
5691,2
5692,2
5693,4
5694,4
5695,4
5696,3
5697,4
5698,4
5699,4
5700,3
5701,3
5702,3
5703,1
5704,3
5705,2
5706,4
5707,4
5708,1
5709,2
5710,2
5711,2
5712,4
5713,2
5714,4
5715,3
5716,1
5717,4
5718,4
5719,2
5720,1
5721,2
5722,2
5723,4
5724,2
5725,3
5726,3
5727,3
5728,3
5729,2
5730,3
5731,2
5732,3
5733,4
5734,1
5735,2
5736,2
5737,4
5738,4
5739,2
5740,4
5741,4
5742,2
5743,2
5744,2
5745,2
5746,3
5747,2
5748,1
5749,3
5750,3
5751,4
5752,4
5753,4
5754,3
5755,4
5756,3
5757,3
5758,4
5759,2
5760,2
5761,2
5762,4
5763,1
5764,3
5765,2
5766,1
5767,2
5768,4
5769,4
5770,4
5771,4
5772,2
5773,2
5774,2
5775,3
5776,3
5777,3
5778,4
5779,2
5780,4
5781,3
5782,4
5783,2
5784,3
5785,3
5786,4
5787,2
5788,2
5789,3
5790,1
5791,2
5792,4
5793,2
5794,3
5795,2
5796,3
5797,3
5798,2
5799,4
5800,4
5801,3
5802,4
5803,3
5804,2
5805,4
5806,3
5807,2
5808,2
5809,4
5810,4
5811,4
5812,4
5813,4
5814,3
5815,2
5816,4
5817,3
5818,2
5819,2
5820,3
5821,4
5822,4
5823,2
5824,3
5825,3
5826,4
5827,2
5828,2
5829,2
5830,4
5831,2
5832,4
5833,1
5834,2
5835,2
5836,4
5837,1
5838,4
5839,3
5840,2
5841,3
5842,3
5843,4
5844,4
5845,2
5846,2
5847,4
5848,4
5849,4
5850,4
5851,3
5852,3
5853,4
5854,4
5855,2
5856,3
5857,4
5858,1
5859,4
5860,1
5861,2
5862,3
5863,1
5864,2
5865,2
5866,4
5867,4
5868,2
5869,4
5870,2
5871,2
5872,3
5873,3
5874,3
5875,4
5876,3
5877,3
5878,3
5879,4
5880,2
5881,4
5882,4
5883,4
5884,3
5885,4
5886,3
5887,2
5888,2
5889,3
5890,2
5891,3
5892,1
5893,2
5894,4
5895,1
5896,4
5897,4
5898,3
5899,3
5900,3
5901,2
5902,4
5903,2
5904,4
5905,3
5906,1
5907,2
5908,3
5909,2
5910,2
5911,4
5912,3
5913,4
5914,4
5915,2
5916,4
5917,2
5918,4
5919,4
5920,4
5921,2
5922,3
5923,2
5924,4
5925,4
5926,2
5927,2
5928,4
5929,2
5930,2
5931,4
5932,4
5933,3
5934,2
5935,3
5936,2
5937,4
5938,3
5939,1
5940,1
5941,4
5942,3
5943,2
5944,2
5945,2
5946,1
5947,4
5948,2
5949,3
5950,2
5951,2
5952,1
5953,4
5954,4
5955,3
5956,4
5957,2
5958,3
5959,4
5960,2
5961,1
5962,3
5963,2
5964,2
5965,2
5966,1
5967,2
5968,2
5969,2
5970,2
5971,2
5972,3
5973,4
5974,1
5975,1
5976,2
5977,4
5978,4
5979,4
5980,2
5981,4
5982,3
5983,4
5984,2
5985,3
5986,2
5987,1
5988,1
5989,2
5990,4
5991,2
5992,4
5993,4
5994,4
5995,4
5996,2
5997,4
5998,2
5999,2
6000,3
6001,2
6002,2
6003,3
6004,4
6005,2
6006,2
6007,4
6008,1
6009,2
6010,2
6011,3
6012,2
6013,4
6014,2
6015,4
6016,3
6017,2
6018,4
6019,4
6020,4
6021,2
6022,1
6023,2
6024,3
6025,3
6026,4
6027,4
6028,4
6029,4
6030,1
6031,1
6032,1
6033,3
6034,1
6035,3
6036,4
6037,1
6038,3
6039,4
6040,4
6041,2
6042,3
6043,2
6044,4
6045,2
6046,3
6047,3
6048,2
6049,4
6050,3
6051,4
6052,3
6053,2
6054,4
6055,3
6056,2
6057,3
6058,4
6059,3
6060,2
6061,4
6062,4
6063,4
6064,4
6065,4
6066,3
6067,4
6068,2
6069,4
6070,1
6071,4
6072,2
6073,4
6074,3
6075,4
6076,2
6077,4
6078,4
6079,4
6080,2
6081,2
6082,2
6083,1
6084,1
6085,2
6086,4
6087,3
6088,2
6089,4
6090,4
6091,2
6092,4
6093,3
6094,2
6095,2
6096,2
6097,2
6098,4
6099,3
6100,4
6101,4
6102,4
6103,3
6104,4
6105,3
6106,3
6107,3
6108,3
6109,2
6110,2
6111,1
6112,4
6113,4
6114,3
6115,4
6116,3
6117,4
6118,4
6119,1
6120,2
6121,2
6122,3
6123,4
6124,1
6125,4
6126,2
6127,4
6128,3
6129,2
6130,2
6131,3
6132,3
6133,2
6134,1
6135,4
6136,3
6137,1
6138,2
6139,2
6140,2
6141,2
6142,1
6143,3
6144,3
6145,2
6146,1
6147,3
6148,2
6149,4
6150,2
6151,4
6152,2
6153,2
6154,4
6155,2
6156,3
6157,2
6158,2
6159,4
6160,2
6161,4
6162,1
6163,3
6164,1
6165,3
6166,3
6167,3
6168,2
6169,4
6170,3
6171,2
6172,2
6173,2
6174,2
6175,2
6176,2
6177,4
6178,4
6179,3
6180,3
6181,2
6182,4
6183,4
6184,3
6185,1
6186,2
6187,2
6188,2
6189,3
6190,4
6191,1
6192,4
6193,3
6194,1
6195,3
6196,4
6197,3
6198,4
6199,4
6200,1
6201,1
6202,4
6203,2
6204,4
6205,4
6206,4
6207,4
6208,1
6209,2
6210,3
6211,3
6212,3
6213,4
6214,3
6215,2
6216,2
6217,3
6218,3
6219,2
6220,3
6221,3
6222,1
6223,2
6224,4
6225,3
6226,3
6227,4
6228,1
6229,4
6230,2
6231,3
6232,4
6233,3
6234,1
6235,3
6236,2
6237,3
6238,4
6239,2
6240,4
6241,3
6242,2
6243,2
6244,4
6245,3
6246,4
6247,2
6248,2
6249,4
6250,3
6251,3
6252,4
6253,1
6254,3
6255,2
6256,4
6257,3
6258,2
6259,4
6260,2
6261,2
6262,3
6263,1
6264,4
6265,2
6266,3
6267,4
6268,2
6269,1
6270,4
6271,3
6272,4
6273,4
6274,4
6275,3
6276,2
6277,3
6278,4
6279,2
6280,2
6281,3
6282,2
6283,4
6284,3
6285,2
6286,1
6287,4
6288,1
6289,4
6290,1
6291,3
6292,3
6293,3
6294,3
6295,4
6296,3
6297,2
6298,2
6299,4
6300,3
6301,2
6302,4
6303,3
6304,4
6305,2
6306,1
6307,2
6308,4
6309,2
6310,4
6311,2
6312,2
6313,3
6314,3
6315,2
6316,2
6317,2
6318,2
6319,2
6320,2
6321,2
6322,4
6323,2
6324,4
6325,3
6326,4
6327,4
6328,1
6329,4
6330,3
6331,2
6332,1
6333,4
6334,2
6335,2
6336,1
6337,4
6338,3
6339,1
6340,1
6341,1
6342,3
6343,3
6344,2
6345,3
6346,3
6347,3
6348,4
6349,2
6350,2
6351,3
6352,2
6353,3
6354,3
6355,4
6356,4
6357,3
6358,4
6359,4
6360,2
6361,2
6362,4
6363,3
6364,3
6365,3
6366,4
6367,3
6368,3
6369,4
6370,2
6371,3
6372,2
6373,2
6374,1
6375,4
6376,4
6377,3
6378,3
6379,3
6380,2
6381,3
6382,2
6383,3
6384,4
6385,1
6386,2
6387,4
6388,2
6389,4
6390,4
6391,3
6392,1
6393,3
6394,1
6395,3
6396,4
6397,4
6398,4
6399,3
6400,1
6401,3
6402,4
6403,3
6404,3
6405,2
6406,2
6407,1
6408,3
6409,2
6410,2
6411,4
6412,3
6413,2
6414,2
6415,1
6416,4
6417,1
6418,2
6419,4
6420,3
6421,3
6422,4
6423,2
6424,4
6425,2
6426,3
6427,3
6428,4
6429,4
6430,4
6431,4
6432,2
6433,4
6434,3
6435,4
6436,4
6437,2
6438,4
6439,2
6440,4
6441,4
6442,2
6443,2
6444,4
6445,4
6446,4
6447,4
6448,2
6449,3
6450,4
6451,2
6452,3
6453,4
6454,4
6455,1
6456,4
6457,4
6458,2
6459,4
6460,2
6461,3
6462,4
6463,4
6464,4
6465,3
6466,4
6467,3
6468,4
6469,3
6470,4
6471,1
6472,4
6473,3
6474,2
6475,2
6476,3
6477,4
6478,3
6479,3
6480,2
6481,2
6482,3
6483,3
6484,3
6485,4
6486,2
6487,2
6488,4
6489,2
6490,4
6491,2
6492,2
6493,2
6494,2
6495,4
6496,2
6497,2
6498,3
6499,2
6500,3
6501,2
6502,2
6503,4
6504,1
6505,4
6506,4
6507,4
6508,3
6509,2
6510,4
6511,2
6512,4
6513,4
6514,3
6515,4
6516,3
6517,2
6518,3
6519,3
6520,2
6521,3
6522,1
6523,3
6524,3
6525,3
6526,3
6527,3
6528,3
6529,3
6530,2
6531,4
6532,2
6533,4
6534,4
6535,4
6536,1
6537,4
6538,4
6539,1
6540,2
6541,3
6542,2
6543,4
6544,4
6545,1
6546,4
6547,3
6548,3
6549,2
6550,2
6551,2
6552,3
6553,3
6554,3
6555,4
6556,3
6557,4
6558,4
6559,3
6560,3
6561,2
6562,2
6563,2
6564,3
6565,2
6566,4
6567,3
6568,4
6569,4
6570,4
6571,4
6572,4
6573,3
6574,4
6575,3
6576,4
6577,2
6578,4
6579,3
6580,1
6581,4
6582,1
6583,2
6584,4
6585,3
6586,2
6587,1
6588,4
6589,2
6590,1
6591,1
6592,2
6593,3
6594,3
6595,1
6596,3
6597,1
6598,1
6599,2
6600,3
6601,3
6602,3
6603,1
6604,3
6605,2
6606,3
6607,3
6608,4
6609,4
6610,4
6611,4
6612,4
6613,3
6614,2
6615,3
6616,2
6617,2
6618,3
6619,2
6620,2
6621,4
6622,4
6623,3
6624,2
6625,4
6626,4
6627,1
6628,2
6629,3
6630,3
6631,2
6632,4
6633,4
6634,4
6635,3
6636,2
6637,1
6638,3
6639,2
6640,3
6641,1
6642,4
6643,4
6644,3
6645,3
6646,4
6647,2
6648,2
6649,4
6650,4
6651,2
6652,2
6653,2
6654,3
6655,2
6656,2
6657,3
6658,4
6659,4
6660,4
6661,2
6662,3
6663,1
6664,4
6665,3
6666,4
6667,3
6668,2
6669,4
6670,2
6671,4
6672,2
6673,4
6674,2
6675,3
6676,4
6677,4
6678,3
6679,3
6680,4
6681,3
6682,3
6683,4
6684,2
6685,2
6686,2
6687,4
6688,3
6689,2
6690,2
6691,4
6692,1
6693,3
6694,1
6695,4
6696,4
6697,2
6698,2
6699,3
6700,2
6701,3
6702,3
6703,3
6704,4
6705,3
6706,1
6707,4
6708,1
6709,2
6710,3
6711,3
6712,3
6713,3
6714,2
6715,3
6716,4
6717,3
6718,3
6719,3
6720,3
6721,1
6722,4
6723,2
6724,4
6725,2
6726,3
6727,4
6728,4
6729,2
6730,4
6731,4
6732,4
6733,2
6734,4
6735,4
6736,2
6737,4
6738,4
6739,3
6740,2
6741,2
6742,4
6743,3
6744,1
6745,4
6746,2
6747,2
6748,2
6749,3
6750,2
6751,4
6752,2
6753,4
6754,2
6755,3
6756,3
6757,2
6758,3
6759,1
6760,2
6761,4
6762,4
6763,4
6764,2
6765,2
6766,3
6767,4
6768,2
6769,3
6770,1
6771,4
6772,4
6773,3
6774,4
6775,2
6776,2
6777,2
6778,2
6779,1
6780,4
6781,2
6782,2
6783,2
6784,2
6785,3
6786,2
6787,2
6788,4
6789,4
6790,4
6791,3
6792,2
6793,3
6794,3
6795,4
6796,3
6797,4
6798,2
6799,4
6800,1
6801,4
6802,2
6803,4
6804,2
6805,4
6806,4
6807,3
6808,3
6809,2
6810,2
6811,3
6812,4
6813,2
6814,2
6815,3
6816,4
6817,3
6818,1
6819,2
6820,2
6821,4
6822,2
6823,4
6824,4
6825,2
6826,3
6827,2
6828,2
6829,3
6830,3
6831,2
6832,3
6833,3
6834,2
6835,2
6836,2
6837,3
6838,3
6839,2
6840,2
6841,2
6842,2
6843,2
6844,3
6845,3
6846,4
6847,4
6848,4
6849,4
6850,3
6851,4
6852,3
6853,2
6854,4
6855,2
6856,3
6857,3
6858,3
6859,4
6860,4
6861,2
6862,2
6863,3
6864,4
6865,3
6866,4
6867,1
6868,1
6869,4
6870,3
6871,4
6872,4
6873,2
6874,4
6875,3
6876,2
6877,1
6878,3
6879,1
6880,2
6881,3
6882,4
6883,3
6884,4
6885,2
6886,4
6887,3
6888,2
6889,2
6890,1
6891,1
6892,3
6893,2
6894,3
6895,4
6896,3
6897,4
6898,4
6899,1
6900,3
6901,4
6902,4
6903,2
6904,1
6905,3
6906,2
6907,2
6908,4
6909,4
6910,3
6911,4
6912,3
6913,3
6914,3
6915,2
6916,2
6917,3
6918,3
6919,2
6920,4
6921,3
6922,4
6923,3
6924,2
6925,2
6926,4
6927,2
6928,4
6929,2
6930,2
6931,1
6932,1
6933,2
6934,2
6935,2
6936,3
6937,1
6938,2
6939,4
6940,2
6941,2
6942,3
6943,2
6944,2
6945,1
6946,3
6947,3
6948,4
6949,2
6950,3
6951,1
6952,3
6953,3
6954,3
6955,4
6956,2
6957,2
6958,4
6959,2
6960,2
6961,1
6962,3
6963,1
6964,2
6965,4
6966,1
6967,4
6968,3
6969,2
6970,4
6971,2
6972,4
6973,2
6974,2
6975,4
6976,3
6977,2
6978,4
6979,4
6980,4
6981,2
6982,2
6983,4
6984,3
6985,1
6986,2
6987,3
6988,1
6989,1
6990,3
6991,3
6992,3
6993,3
6994,2
6995,2
6996,2
6997,4
6998,3
6999,4
7000,4
7001,3
7002,3
7003,3
7004,2
7005,4
7006,4
7007,2
7008,3
7009,4
7010,2
7011,2
7012,3
7013,3
7014,4
7015,3
7016,3
7017,1
7018,2
7019,2
7020,4
7021,3
7022,3
7023,1
7024,2
7025,2
7026,3
7027,1
7028,1
7029,1
7030,3
7031,2
7032,4
7033,4
7034,3
7035,4
7036,2
7037,3
7038,4
7039,4
7040,3
7041,2
7042,2
7043,2
7044,4
7045,4
7046,2
7047,3
7048,4
7049,3
7050,4
7051,4
7052,3
7053,3
7054,4
7055,3
7056,2
7057,4
7058,3
7059,3
7060,2
7061,2
7062,2
7063,2
7064,4
7065,2
7066,2
7067,2
7068,3
7069,3
7070,4
7071,1
7072,3
7073,4
7074,2
7075,2
7076,4
7077,1
7078,4
7079,3
7080,3
7081,3
7082,4
7083,3
7084,3
7085,3
7086,4
7087,2
7088,4
7089,3
7090,3
7091,2
7092,3
7093,3
7094,4
7095,2
7096,2
7097,3
7098,1
7099,4
7100,2
7101,2
7102,4
7103,3
7104,3
7105,3
7106,2
7107,4
7108,4
7109,3
7110,4
7111,4
7112,4
7113,4
7114,3
7115,4
7116,4
7117,1
7118,2
7119,2
7120,2
7121,1
7122,2
7123,1
7124,4
7125,4
7126,1
7127,4
7128,4
7129,3
7130,2
7131,3
7132,4
7133,3
7134,3
7135,3
7136,4
7137,4
7138,3
7139,4
7140,4
7141,3
7142,2
7143,4
7144,2
7145,2
7146,4
7147,4
7148,2
7149,4
7150,2
7151,2
7152,2
7153,2
7154,4
7155,2
7156,2
7157,1
7158,3
7159,4
7160,2
7161,4
7162,4
7163,2
7164,1
7165,2
7166,3
7167,3
7168,3
7169,3
7170,4
7171,4
7172,3
7173,2
7174,2
7175,4
7176,2
7177,1
7178,4
7179,4
7180,1
7181,2
7182,3
7183,3
7184,3
7185,1
7186,2
7187,4
7188,3
7189,4
7190,4
7191,4
7192,4
7193,1
7194,4
7195,3
7196,3
7197,3
7198,2
7199,4
7200,4
7201,1
7202,1
7203,1
7204,2
7205,4
7206,2
7207,3
7208,2
7209,3
7210,2
7211,3
7212,4
7213,2
7214,4
7215,2
7216,4
7217,3
7218,4
7219,4
7220,4
7221,3
7222,1
7223,4
7224,2
7225,3
7226,3
7227,2
7228,1
7229,4
7230,4
7231,4
7232,2
7233,1
7234,3
7235,4
7236,1
7237,3
7238,4
7239,4
7240,2
7241,3
7242,4
7243,3
7244,3
7245,2
7246,2
7247,3
7248,2
7249,2
7250,2
7251,1
7252,2
7253,3
7254,2
7255,3
7256,1
7257,3
7258,1
7259,4
7260,4
7261,4
7262,4
7263,3
7264,2
7265,3
7266,2
7267,2
7268,3
7269,2
7270,2
7271,2
7272,1
7273,3
7274,4
7275,3
7276,3
7277,2
7278,4
7279,2
7280,2
7281,2
7282,2
7283,3
7284,2
7285,2
7286,3
7287,2
7288,4
7289,2
7290,3
7291,4
7292,2
7293,4
7294,2
7295,2
7296,3
7297,4
7298,4
7299,4
7300,2
7301,4
7302,4
7303,4
7304,3
7305,4
7306,1
7307,4
7308,1
7309,4
7310,1
7311,3
7312,1
7313,3
7314,2
7315,1
7316,4
7317,1
7318,3
7319,3
7320,2
7321,2
7322,4
7323,1
7324,3
7325,4
7326,3
7327,4
7328,2
7329,1
7330,1
7331,4
7332,2
7333,4
7334,4
7335,4
7336,2
7337,4
7338,2
7339,3
7340,2
7341,4
7342,4
7343,4
7344,2
7345,3
7346,3
7347,1
7348,2
7349,4
7350,2
7351,2
7352,3
7353,1
7354,4
7355,4
7356,2
7357,3
7358,2
7359,3
7360,4
7361,4
7362,3
7363,4
7364,3
7365,2
7366,2
7367,3
7368,3
7369,4
7370,1
7371,4
7372,2
7373,2
7374,4
7375,3
7376,1
7377,2
7378,3
7379,2
7380,3
7381,3
7382,2
7383,4
7384,2
7385,4
7386,3
7387,4
7388,2
7389,4
7390,2
7391,4
7392,3
7393,3
7394,2
7395,3
7396,3
7397,4
7398,2
7399,3
7400,4
7401,2
7402,3
7403,4
7404,3
7405,4
7406,2
7407,2
7408,4
7409,2
7410,3
7411,4
7412,4
7413,2
7414,1
7415,2
7416,4
7417,3
7418,2
7419,3
7420,2
7421,4
7422,4
7423,4
7424,2
7425,3
7426,4
7427,2
7428,2
7429,3
7430,1
7431,4
7432,3
7433,2
7434,1
7435,2
7436,4
7437,3
7438,3
7439,4
7440,3
7441,2
7442,2
7443,3
7444,4
7445,4
7446,4
7447,3
7448,3
7449,1
7450,4
7451,3
7452,3
7453,3
7454,2
7455,4
7456,4
7457,4
7458,4
7459,4
7460,2
7461,2
7462,2
7463,1
7464,4
7465,3
7466,3
7467,2
7468,4
7469,3
7470,1
7471,3
7472,2
7473,1
7474,2
7475,1
7476,4
7477,1
7478,3
7479,4
7480,1
7481,2
7482,2
7483,3
7484,3
7485,3
7486,4
7487,3
7488,4
7489,4
7490,1
7491,1
7492,2
7493,2
7494,4
7495,3
7496,4
7497,4
7498,1
7499,4
7500,3
7501,2
7502,2
7503,3
7504,4
7505,2
7506,3
7507,3
7508,1
7509,3
7510,2
7511,4
7512,4
7513,2
7514,2
7515,1
7516,4
7517,2
7518,3
7519,4
7520,4
7521,2
7522,2
7523,3
7524,2
7525,2
7526,1
7527,3
7528,2
7529,3
7530,2
7531,2
7532,3
7533,4
7534,4
7535,4
7536,2
7537,4
7538,2
7539,3
7540,2
7541,2
7542,3
7543,2
7544,2
7545,4
7546,2
7547,4
7548,4
7549,3
7550,4
7551,2
7552,3
7553,2
7554,2
7555,4
7556,2
7557,2
7558,2
7559,3
7560,2
7561,3
7562,4
7563,3
7564,3
7565,3
7566,3
7567,2
7568,4
7569,3
7570,4
7571,4
7572,4
7573,1
7574,2
7575,3
7576,4
7577,4
7578,3
7579,1
7580,3
7581,1
7582,3
7583,3
7584,1
7585,4
7586,4
7587,3
7588,4
7589,3
7590,2
7591,4
7592,2
7593,4
7594,3
7595,1
7596,2
7597,2
7598,3
7599,4
7600,3
7601,4
7602,3
7603,4
7604,4
7605,4
7606,2
7607,2
7608,3
7609,2
7610,4
7611,2
7612,2
7613,3
7614,4
7615,4
7616,3
7617,4
7618,3
7619,4
7620,2
7621,4
7622,3
7623,3
7624,2
7625,2
7626,4
7627,3
7628,3
7629,3
7630,2
7631,4
7632,4
7633,3
7634,2
7635,3
7636,4
7637,4
7638,4
7639,3
7640,2
7641,3
7642,3
7643,1
7644,2
7645,2
7646,4
7647,1
7648,2
7649,4
7650,2
7651,4
7652,1
7653,4
7654,2
7655,2
7656,2
7657,4
7658,4
7659,1
7660,3
7661,2
7662,3
7663,2
7664,2
7665,3
7666,3
7667,3
7668,1
7669,3
7670,4
7671,3
7672,1
7673,4
7674,4
7675,4
7676,3
7677,4
7678,1
7679,3
7680,2
7681,3
7682,3
7683,1
7684,1
7685,4
7686,4
7687,3
7688,3
7689,3
7690,1
7691,4
7692,1
7693,3
7694,4
7695,4
7696,3
7697,4
7698,4
7699,3
7700,3
7701,2
7702,4
7703,2
7704,2
7705,1
7706,3
7707,3
7708,2
7709,4
7710,2
7711,1
7712,4
7713,4
7714,4
7715,2
7716,4
7717,1
7718,3
7719,2
7720,4
7721,3
7722,4
7723,2
7724,4
7725,4
7726,3
7727,2
7728,4
7729,2
7730,2
7731,1
7732,4
7733,3
7734,2
7735,2
7736,2
7737,2
7738,2
7739,2
7740,4
7741,4
7742,3
7743,3
7744,3
7745,4
7746,3
7747,2
7748,2
7749,3
7750,2
7751,2
7752,4
7753,4
7754,2
7755,2
7756,2
7757,4
7758,3
7759,3
7760,3
7761,4
7762,3
7763,4
7764,4
7765,4
7766,4
7767,2
7768,4
7769,1
7770,3
7771,4
7772,2
7773,3
7774,2
7775,2
7776,4
7777,2
7778,1
7779,1
7780,2
7781,4
7782,2
7783,3
7784,1
7785,3
7786,4
7787,4
7788,4
7789,1
7790,3
7791,3
7792,3
7793,3
7794,1
7795,4
7796,2
7797,3
7798,3
7799,2
7800,3
7801,3
7802,3
7803,4
7804,2
7805,4
7806,3
7807,4
7808,4
7809,3
7810,4
7811,1
7812,2
7813,2
7814,3
7815,2
7816,1
7817,2
7818,2
7819,3
7820,1
7821,4
7822,2
7823,4
7824,3
7825,2
7826,3
7827,2
7828,1
7829,3
7830,1
7831,2
7832,3
7833,4
7834,4
7835,4
7836,4
7837,2
7838,3
7839,4
7840,2
7841,3
7842,2
7843,4
7844,4
7845,3
7846,2
7847,3
7848,2
7849,2
7850,4
7851,1
7852,3
7853,4
7854,3
7855,3
7856,2
7857,3
7858,2
7859,1
7860,3
7861,3
7862,4
7863,2
7864,2
7865,2
7866,3
7867,4
7868,1
7869,2
7870,4
7871,3
7872,2
7873,2
7874,2
7875,3
7876,4
7877,2
7878,2
7879,3
7880,4
7881,4
7882,4
7883,3
7884,4
7885,4
7886,2
7887,1
7888,3
7889,3
7890,2
7891,2
7892,2
7893,3
7894,4
7895,2
7896,1
7897,4
7898,2
7899,3
7900,4
7901,2
7902,3
7903,4
7904,2
7905,4
7906,4
7907,3
7908,2
7909,2
7910,1
7911,4
7912,2
7913,2
7914,3
7915,4
7916,3
7917,2
7918,4
7919,3
7920,4
7921,4
7922,3
7923,1
7924,2
7925,4
7926,2
7927,4
7928,1
7929,3
7930,4
7931,2
7932,3
7933,4
7934,3
7935,2
7936,4
7937,3
7938,3
7939,2
7940,3
7941,2
7942,4
7943,2
7944,4
7945,3
7946,4
7947,3
7948,2
7949,2
7950,2
7951,4
7952,1
7953,1
7954,3
7955,4
7956,4
7957,2
7958,2
7959,3
7960,3
7961,4
7962,4
7963,4
7964,1
7965,3
7966,4
7967,3
7968,2
7969,4
7970,3
7971,3
7972,2
7973,3
7974,4
7975,3
7976,4
7977,2
7978,2
7979,4
7980,3
7981,2
7982,3
7983,4
7984,1
7985,2
7986,3
7987,2
7988,2
7989,4
7990,3
7991,2
7992,3
7993,2
7994,2
7995,1
7996,4
7997,3
7998,1
7999,1
8000,2
8001,3
8002,1
8003,4
8004,2
8005,4
8006,3
8007,2
8008,1
8009,3
8010,3
8011,3
8012,4
8013,2
8014,4
8015,3
8016,2
8017,4
8018,1
8019,1
8020,2
8021,2
8022,2
8023,2
8024,2
8025,3
8026,3
8027,4
8028,2
8029,2
8030,4
8031,4
8032,2
8033,4
8034,2
8035,4
8036,2
8037,4
8038,4
8039,2
8040,1
8041,4
8042,4
8043,4
8044,3
8045,1
8046,3
8047,2
8048,4
8049,3
8050,2
8051,4
8052,2
8053,3
8054,2
8055,3
8056,2
8057,4
8058,4
8059,2
8060,4
8061,2
8062,3
8063,2
8064,2
8065,2
8066,3
8067,2
8068,2
8069,4
8070,4
8071,3
8072,4
8073,3
8074,2
8075,4
8076,3
8077,3
8078,3
8079,2
8080,3
8081,4
8082,3
8083,3
8084,4
8085,4
8086,4
8087,4
8088,1
8089,3
8090,1
8091,4
8092,3
8093,4
8094,4
8095,3
8096,2
8097,4
8098,4
8099,2
8100,3
8101,4
8102,4
8103,2
8104,3
8105,3
8106,3
8107,3
8108,2
8109,2
8110,3
8111,2
8112,1
8113,1
8114,4
8115,4
8116,3
8117,4
8118,3
8119,4
8120,1
8121,4
8122,4
8123,4
8124,4
8125,3
8126,4
8127,4
8128,3
8129,3
8130,2
8131,2
8132,2
8133,4
8134,3
8135,2
8136,1
8137,2
8138,3
8139,4
8140,2
8141,2
8142,4
8143,4
8144,3
8145,3
8146,4
8147,3
8148,3
8149,2
8150,2
8151,2
8152,3
8153,2
8154,4
8155,4
8156,2
8157,2
8158,3
8159,3
8160,2
8161,2
8162,4
8163,3
8164,2
8165,4
8166,4
8167,1
8168,4
8169,4
8170,2
8171,2
8172,4
8173,1
8174,4
8175,3
8176,2
8177,1
8178,4
8179,3
8180,4
8181,4
8182,3
8183,1
8184,4
8185,3
8186,4
8187,2
8188,3
8189,2
8190,2
8191,3
8192,4
8193,1
8194,4
8195,1
8196,3
8197,2
8198,2
8199,3
8200,3
8201,4
8202,2
8203,4
8204,3
8205,3
8206,3
8207,4
8208,3
8209,3
8210,2
8211,2
8212,2
8213,4
8214,4
8215,2
8216,1
8217,2
8218,4
8219,1
8220,3
8221,3
8222,2
8223,4
8224,4
8225,4
8226,4
8227,2
8228,2
8229,4
8230,4
8231,4
8232,3
8233,1
8234,2
8235,1
8236,2
8237,1
8238,3
8239,2
8240,4
8241,2
8242,3
8243,2
8244,2
8245,3
8246,3
8247,4
8248,2
8249,4
8250,2
8251,4
8252,2
8253,2
8254,4
8255,2
8256,2
8257,4
8258,4
8259,2
8260,4
8261,1
8262,4
8263,2
8264,4
8265,2
8266,4
8267,1
8268,3
8269,2
8270,4
8271,1
8272,2
8273,2
8274,3
8275,3
8276,3
8277,4
8278,1
8279,4
8280,1
8281,2
8282,2
8283,4
8284,1
8285,2
8286,3
8287,4
8288,4
8289,4
8290,4
8291,4
8292,2
8293,1
8294,3
8295,4
8296,2
8297,2
8298,1
8299,4
8300,4
8301,4
8302,2
8303,4
8304,2
8305,2
8306,1
8307,4
8308,4
8309,3
8310,4
8311,1
8312,4
8313,2
8314,4
8315,2
8316,4
8317,3
8318,4
8319,3
8320,3
8321,2
8322,4
8323,3
8324,1
8325,4
8326,4
8327,4
8328,3
8329,3
8330,4
8331,2
8332,4
8333,1
8334,3
8335,2
8336,1
8337,4
8338,3
8339,2
8340,4
8341,3
8342,4
8343,4
8344,2
8345,2
8346,4
8347,2
8348,4
8349,4
8350,3
8351,2
8352,2
8353,1
8354,2
8355,2
8356,2
8357,3
8358,1
8359,3
8360,3
8361,2
8362,4
8363,3
8364,2
8365,2
8366,3
8367,2
8368,3
8369,2
8370,1
8371,1
8372,4
8373,2
8374,4
8375,2
8376,3
8377,3
8378,2
8379,4
8380,4
8381,2
8382,4
8383,3
8384,3
8385,3
8386,4
8387,3
8388,4
8389,4
8390,3
8391,3
8392,2
8393,4
8394,1
8395,4
8396,4
8397,2
8398,3
8399,3
8400,2
8401,1
8402,2
8403,4
8404,2
8405,4
8406,2
8407,2
8408,2
8409,4
8410,2
8411,4
8412,4
8413,2
8414,1
8415,2
8416,2
8417,2
8418,2
8419,1
8420,2
8421,2
8422,3
8423,2
8424,4
8425,3
8426,3
8427,4
8428,3
8429,1
8430,3
8431,4
8432,3
8433,3
8434,2
8435,4
8436,4
8437,3
8438,4
8439,2
8440,1
8441,3
8442,2
8443,2
8444,4
8445,3
8446,3
8447,3
8448,4
8449,2
8450,3
8451,2
8452,4
8453,2
8454,3
8455,4
8456,3
8457,2
8458,3
8459,2
8460,1
8461,4
8462,3
8463,2
8464,4
8465,3
8466,2
8467,4
8468,2
8469,2
8470,3
8471,2
8472,1
8473,3
8474,3
8475,1
8476,4
8477,4
8478,1
8479,2
8480,2
8481,2
8482,2
8483,4
8484,4
8485,3
8486,2
8487,4
8488,3
8489,2
8490,3
8491,4
8492,3
8493,4
8494,2
8495,1
8496,2
8497,3
8498,4
8499,2
8500,3
8501,3
8502,2
8503,2
8504,2
8505,4
8506,4
8507,4
8508,4
8509,2
8510,3
8511,1
8512,3
8513,2
8514,2
8515,2
8516,2
8517,3
8518,4
8519,4
8520,3
8521,2
8522,4
8523,2
8524,2
8525,4
8526,3
8527,2
8528,1
8529,4
8530,4
8531,1
8532,2
8533,4
8534,2
8535,4
8536,3
8537,4
8538,4
8539,4
8540,2
8541,4
8542,2
8543,4
8544,3
8545,2
8546,4
8547,4
8548,2
8549,4
8550,3
8551,4
8552,2
8553,1
8554,2
8555,4
8556,2
8557,3
8558,4
8559,4
8560,4
8561,2
8562,1
8563,2
8564,2
8565,4
8566,4
8567,1
8568,3
8569,2
8570,1
8571,1
8572,4
8573,2
8574,2
8575,3
8576,1
8577,4
8578,2
8579,4
8580,4
8581,3
8582,2
8583,3
8584,4
8585,3
8586,3
8587,4
8588,2
8589,3
8590,3
8591,4
8592,2
8593,2
8594,4
8595,2
8596,2
8597,3
8598,2
8599,3
8600,2
8601,3
8602,3
8603,3
8604,2
8605,4
8606,2
8607,2
8608,2
8609,2
8610,3
8611,2
8612,2
8613,4
8614,3
8615,4
8616,2
8617,2
8618,2
8619,3
8620,3
8621,2
8622,4
8623,4
8624,2
8625,1
8626,1
8627,3
8628,4
8629,4
8630,4
8631,2
8632,2
8633,2
8634,2
8635,2
8636,1
8637,2
8638,3
8639,3
8640,2
8641,4
8642,3
8643,1
8644,2
8645,2
8646,3
8647,4
8648,4
8649,2
8650,2
8651,4
8652,2
8653,3
8654,3
8655,2
8656,4
8657,4
8658,2
8659,4
8660,2
8661,2
8662,2
8663,4
8664,4
8665,4
8666,3
8667,4
8668,3
8669,4
8670,2
8671,3
8672,2
8673,2
8674,2
8675,2
8676,4
8677,3
8678,1
8679,3
8680,3
8681,3
8682,4
8683,4
8684,4
8685,2
8686,2
8687,3
8688,1
8689,2
8690,4
8691,1
8692,4
8693,3
8694,3
8695,3
8696,2
8697,3
8698,4
8699,3
8700,1
8701,1
8702,2
8703,3
8704,1
8705,3
8706,1
8707,2
8708,4
8709,3
8710,2
8711,4
8712,3
8713,4
8714,4
8715,3
8716,3
8717,2
8718,2
8719,2
8720,4
8721,2
8722,2
8723,1
8724,4
8725,2
8726,3
8727,2
8728,2
8729,1
8730,3
8731,3
8732,3
8733,4
8734,1
8735,3
8736,4
8737,2
8738,3
8739,3
8740,3
8741,3
8742,4
8743,1
8744,2
8745,4
8746,3
8747,2
8748,1
8749,3
8750,2
8751,1
8752,1
8753,2
8754,4
8755,3
8756,3
8757,3
8758,3
8759,4
8760,4
8761,4
8762,2
8763,3
8764,3
8765,2
8766,2
8767,1
8768,2
8769,1
8770,3
8771,2
8772,3
8773,3
8774,2
8775,3
8776,4
8777,2
8778,4
8779,2
8780,2
8781,4
8782,4
8783,3
8784,1
8785,1
8786,2
8787,4
8788,4
8789,1
8790,4
8791,3
8792,2
8793,2
8794,4
8795,3
8796,4
8797,4
8798,1
8799,2
8800,3
8801,4
8802,2
8803,3
8804,3
8805,3
8806,2
8807,3
8808,3
8809,4
8810,4
8811,4
8812,3
8813,2
8814,3
8815,4
8816,2
8817,3
8818,4
8819,3
8820,3
8821,2
8822,3
8823,3
8824,4
8825,4
8826,2
8827,3
8828,2
8829,2
8830,1
8831,1
8832,2
8833,1
8834,4
8835,2
8836,4
8837,1
8838,2
8839,2
8840,4
8841,2
8842,4
8843,4
8844,3
8845,2
8846,1
8847,1
8848,2
8849,2
8850,2
8851,2
8852,4
8853,3
8854,1
8855,3
8856,2
8857,1
8858,3
8859,3
8860,4
8861,3
8862,1
8863,4
8864,2
8865,3
8866,3
8867,4
8868,4
8869,2
8870,3
8871,2
8872,4
8873,2
8874,4
8875,2
8876,4
8877,4
8878,2
8879,4
8880,4
8881,2
8882,4
8883,2
8884,2
8885,4
8886,3
8887,1
8888,4
8889,4
8890,3
8891,1
8892,3
8893,2
8894,3
8895,2
8896,3
8897,1
8898,4
8899,4
8900,1
8901,2
8902,1
8903,3
8904,2
8905,4
8906,2
8907,2
8908,4
8909,4
8910,3
8911,3
8912,1
8913,4
8914,3
8915,4
8916,1
8917,2
8918,2
8919,3
8920,2
8921,3
8922,4
8923,1
8924,4
8925,4
8926,2
8927,3
8928,3
8929,3
8930,2
8931,2
8932,4
8933,3
8934,4
8935,4
8936,1
8937,3
8938,2
8939,4
8940,1
8941,3
8942,4
8943,3
8944,4
8945,2
8946,2
8947,4
8948,3
8949,4
8950,1
8951,2
8952,3
8953,1
8954,2
8955,2
8956,3
8957,2
8958,2
8959,3
8960,2
8961,3
8962,2
8963,2
8964,2
8965,3
8966,1
8967,4
8968,2
8969,2
8970,3
8971,2
8972,4
8973,2
8974,2
8975,1
8976,2
8977,2
8978,1
8979,3
8980,2
8981,3
8982,4
8983,3
8984,2
8985,3
8986,3
8987,2
8988,2
8989,1
8990,2
8991,2
8992,4
8993,4
8994,2
8995,4
8996,4
8997,2
8998,4
8999,4
9000,1
9001,2
9002,4
9003,2
9004,4
9005,3
9006,4
9007,2
9008,2
9009,3
9010,2
9011,4
9012,3
9013,3
9014,2
9015,4
9016,2
9017,2
9018,3
9019,3
9020,4
9021,4
9022,1
9023,2
9024,4
9025,3
9026,3
9027,2
9028,4
9029,3
9030,4
9031,3
9032,2
9033,4
9034,1
9035,2
9036,3
9037,4
9038,3
9039,3
9040,4
9041,2
9042,4
9043,3
9044,3
9045,2
9046,2
9047,3
9048,3
9049,2
9050,4
9051,4
9052,2
9053,4
9054,2
9055,4
9056,3
9057,3
9058,4
9059,2
9060,3
9061,3
9062,3
9063,3
9064,4
9065,3
9066,3
9067,4
9068,1
9069,2
9070,2
9071,2
9072,2
9073,4
9074,4
9075,2
9076,2
9077,3
9078,2
9079,4
9080,4
9081,2
9082,2
9083,1
9084,2
9085,3
9086,3
9087,1
9088,1
9089,4
9090,4
9091,1
9092,2
9093,2
9094,4
9095,2
9096,4
9097,3
9098,4
9099,2
9100,3
9101,4
9102,3
9103,1
9104,1
9105,3
9106,3
9107,3
9108,2
9109,2
9110,2
9111,2
9112,2
9113,4
9114,1
9115,1
9116,4
9117,4
9118,2
9119,4
9120,4
9121,4
9122,1
9123,3
9124,3
9125,4
9126,4
9127,3
9128,2
9129,1
9130,4
9131,2
9132,2
9133,4
9134,2
9135,3
9136,4
9137,4
9138,2
9139,2
9140,2
9141,4
9142,4
9143,2
9144,4
9145,2
9146,3
9147,3
9148,4
9149,4
9150,4
9151,2
9152,3
9153,4
9154,2
9155,3
9156,3
9157,2
9158,1
9159,3
9160,2
9161,3
9162,2
9163,2
9164,4
9165,2
9166,4
9167,2
9168,4
9169,2
9170,2
9171,4
9172,3
9173,1
9174,2
9175,1
9176,4
9177,4
9178,2
9179,3
9180,3
9181,2
9182,2
9183,2
9184,3
9185,1
9186,4
9187,4
9188,2
9189,4
9190,2
9191,4
9192,3
9193,3
9194,2
9195,3
9196,1
9197,4
9198,2
9199,2
9200,3
9201,2
9202,1
9203,2
9204,4
9205,4
9206,4
9207,4
9208,2
9209,4
9210,1
9211,2
9212,2
9213,3
9214,4
9215,2
9216,1
9217,3
9218,4
9219,2
9220,3
9221,2
9222,2
9223,1
9224,4
9225,3
9226,2
9227,3
9228,4
9229,3
9230,2
9231,1
9232,4
9233,1
9234,3
9235,1
9236,2
9237,4
9238,3
9239,3
9240,1
9241,1
9242,3
9243,3
9244,4
9245,2
9246,4
9247,4
9248,2
9249,3
9250,1
9251,4
9252,4
9253,1
9254,4
9255,2
9256,2
9257,3
9258,2
9259,3
9260,2
9261,3
9262,3
9263,3
9264,3
9265,2
9266,2
9267,2
9268,1
9269,4
9270,4
9271,4
9272,3
9273,3
9274,4
9275,4
9276,2
9277,4
9278,2
9279,2
9280,2
9281,4
9282,3
9283,2
9284,4
9285,2
9286,2
9287,1
9288,1
9289,3
9290,3
9291,3
9292,2
9293,2
9294,3
9295,3
9296,4
9297,2
9298,1
9299,2
9300,1
9301,1
9302,2
9303,4
9304,3
9305,3
9306,4
9307,2
9308,1
9309,2
9310,4
9311,4
9312,2
9313,3
9314,4
9315,3
9316,4
9317,3
9318,2
9319,2
9320,4
9321,2
9322,2
9323,2
9324,3
9325,1
9326,4
9327,4
9328,4
9329,4
9330,1
9331,2
9332,4
9333,2
9334,3
9335,3
9336,2
9337,3
9338,3
9339,2
9340,2
9341,1
9342,3
9343,4
9344,1
9345,2
9346,2
9347,2
9348,4
9349,2
9350,4
9351,4
9352,4
9353,3
9354,2
9355,1
9356,2
9357,2
9358,4
9359,4
9360,2
9361,3
9362,2
9363,2
9364,3
9365,3
9366,4
9367,1
9368,4
9369,3
9370,4
9371,2
9372,3
9373,4
9374,3
9375,4
9376,2
9377,3
9378,4
9379,2
9380,4
9381,1
9382,2
9383,4
9384,2
9385,4
9386,3
9387,4
9388,3
9389,3
9390,2
9391,4
9392,4
9393,3
9394,4
9395,4
9396,4
9397,2
9398,1
9399,3
9400,3
9401,4
9402,2
9403,2
9404,4
9405,2
9406,1
9407,3
9408,2
9409,3
9410,3
9411,1
9412,3
9413,4
9414,4
9415,3
9416,2
9417,4
9418,3
9419,2
9420,4
9421,3
9422,1
9423,4
9424,1
9425,3
9426,2
9427,4
9428,4
9429,2
9430,4
9431,4
9432,4
9433,4
9434,4
9435,2
9436,3
9437,2
9438,4
9439,4
9440,3
9441,2
9442,2
9443,3
9444,3
9445,2
9446,4
9447,1
9448,3
9449,2
9450,2
9451,4
9452,3
9453,4
9454,3
9455,3
9456,2
9457,3
9458,3
9459,1
9460,3
9461,4
9462,4
9463,3
9464,2
9465,2
9466,3
9467,4
9468,2
9469,2
9470,4
9471,2
9472,2
9473,2
9474,4
9475,3
9476,3
9477,4
9478,2
9479,4
9480,2
9481,3
9482,3
9483,3
9484,4
9485,3
9486,4
9487,4
9488,4
9489,4
9490,4
9491,4
9492,4
9493,4
9494,2
9495,3
9496,3
9497,1
9498,3
9499,2
9500,4
9501,2
9502,4
9503,4
9504,4
9505,2
9506,1
9507,4
9508,4
9509,2
9510,3
9511,3
9512,1
9513,1
9514,2
9515,4
9516,4
9517,3
9518,4
9519,3
9520,2
9521,4
9522,1
9523,4
9524,4
9525,3
9526,4
9527,1
9528,4
9529,3
9530,1
9531,4
9532,2
9533,4
9534,2
9535,3
9536,4
9537,1
9538,4
9539,4
9540,4
9541,4
9542,1
9543,4
9544,2
9545,2
9546,2
9547,2
9548,4
9549,3
9550,2
9551,1
9552,3
9553,3
9554,4
9555,1
9556,2
9557,4
9558,3
9559,4
9560,4
9561,3
9562,2
9563,4
9564,2
9565,1
9566,4
9567,3
9568,3
9569,1
9570,2
9571,3
9572,4
9573,3
9574,2
9575,1
9576,1
9577,3
9578,3
9579,1
9580,2
9581,4
9582,4
9583,4
9584,3
9585,3
9586,3
9587,3
9588,1
9589,3
9590,4
9591,3
9592,2
9593,4
9594,2
9595,1
9596,1
9597,2
9598,3
9599,2
9600,2
9601,2
9602,3
9603,1
9604,2
9605,4
9606,3
9607,4
9608,1
9609,2
9610,2
9611,4
9612,3
9613,4
9614,3
9615,2
9616,3
9617,3
9618,2
9619,3
9620,3
9621,1
9622,4
9623,2
9624,3
9625,4
9626,2
9627,2
9628,3
9629,3
9630,4
9631,4
9632,4
9633,2
9634,3
9635,3
9636,4
9637,2
9638,3
9639,3
9640,4
9641,3
9642,4
9643,4
9644,1
9645,3
9646,1
9647,4
9648,2
9649,3
9650,2
9651,3
9652,1
9653,2
9654,2
9655,3
9656,2
9657,3
9658,1
9659,3
9660,3
9661,4
9662,2
9663,4
9664,4
9665,1
9666,2
9667,4
9668,4
9669,2
9670,4
9671,1
9672,4
9673,1
9674,2
9675,2
9676,3
9677,4
9678,3
9679,3
9680,2
9681,3
9682,1
9683,3
9684,1
9685,2
9686,2
9687,3
9688,4
9689,2
9690,4
9691,4
9692,1
9693,3
9694,2
9695,4
9696,3
9697,1
9698,2
9699,3
9700,1
9701,3
9702,2
9703,2
9704,4
9705,2
9706,2
9707,2
9708,3
9709,4
9710,4
9711,3
9712,1
9713,2
9714,1
9715,3
9716,4
9717,2
9718,1
9719,4
9720,4
9721,2
9722,3
9723,4
9724,4
9725,2
9726,3
9727,4
9728,4
9729,4
9730,2
9731,1
9732,4
9733,1
9734,3
9735,2
9736,4
9737,1
9738,3
9739,3
9740,2
9741,3
9742,1
9743,4
9744,4
9745,4
9746,2
9747,2
9748,3
9749,2
9750,1
9751,4
9752,4
9753,3
9754,1
9755,4
9756,3
9757,1
9758,2
9759,4
9760,4
9761,3
9762,3
9763,4
9764,2
9765,3
9766,4
9767,2
9768,4
9769,2
9770,4
9771,3
9772,2
9773,1
9774,4
9775,4
9776,4
9777,4
9778,3
9779,2
9780,4
9781,4
9782,2
9783,3
9784,1
9785,3
9786,3
9787,3
9788,1
9789,2
9790,3
9791,4
9792,3
9793,4
9794,4
9795,3
9796,2
9797,3
9798,2
9799,4
9800,3
9801,4
9802,2
9803,3
9804,1
9805,2
9806,2
9807,3
9808,2
9809,1
9810,3
9811,2
9812,4
9813,4
9814,3
9815,2
9816,4
9817,3
9818,4
9819,3
9820,4
9821,2
9822,2
9823,2
9824,4
9825,3
9826,2
9827,1
9828,1
9829,1
9830,4
9831,2
9832,1
9833,4
9834,3
9835,1
9836,2
9837,1
9838,3
9839,1
9840,3
9841,4
9842,3
9843,2
9844,4
9845,4
9846,4
9847,3
9848,1
9849,4
9850,3
9851,2
9852,2
9853,1
9854,2
9855,2
9856,4
9857,2
9858,4
9859,2
9860,4
9861,3
9862,3
9863,2
9864,2
9865,3
9866,1
9867,4
9868,2
9869,2
9870,2
9871,4
9872,4
9873,4
9874,2
9875,4
9876,1
9877,2
9878,3
9879,3
9880,1
9881,3
9882,4
9883,3
9884,3
9885,3
9886,2
9887,3
9888,3
9889,3
9890,4
9891,3
9892,4
9893,2
9894,4
9895,3
9896,4
9897,3
9898,4
9899,4
9900,1
9901,1
9902,2
9903,1
9904,3
9905,4
9906,3
9907,4
9908,2
9909,3
9910,3
9911,3
9912,2
9913,2
9914,1
9915,4
9916,4
9917,4
9918,4
9919,2
9920,2
9921,2
9922,4
9923,2
9924,4
9925,4
9926,2
9927,4
9928,3
9929,4
9930,3
9931,2
9932,2
9933,4
9934,2
9935,2
9936,4
9937,3
9938,4
9939,4
9940,3
9941,2
9942,1
9943,2
9944,3
9945,4
9946,2
9947,3
9948,4
9949,4
9950,3
9951,3
9952,3
9953,2
9954,2
9955,2
9956,3
9957,2
9958,2
9959,1
9960,1
9961,4
9962,4
9963,3
9964,2
9965,2
9966,3
9967,4
9968,2
9969,2
9970,1
9971,4
9972,1
9973,1
9974,2
9975,2
9976,3
9977,1
9978,1
9979,3
9980,2
9981,1
9982,1
9983,4
9984,4
9985,2
9986,2
9987,3
9988,4
9989,3
9990,3
9991,4
9992,2
9993,1
9994,3
9995,1
9996,4
9997,4
9998,4
9999,2
10000,4
10001,3
10002,4
10003,1
10004,3
10005,2
10006,1
10007,2
10008,4
10009,1
10010,2
10011,3
10012,3
10013,3
10014,3
10015,3
10016,2
10017,2
10018,2
10019,2
10020,4
10021,4
10022,4
10023,3
10024,2
10025,4
10026,2
10027,3
10028,4
10029,3
10030,3
10031,2
10032,3
10033,4
10034,2
10035,2
10036,1
10037,2
10038,4
10039,4
10040,3
10041,3
10042,1
10043,2
10044,1
10045,3
10046,3
10047,4
10048,2
10049,2
10050,3
10051,2
10052,4
10053,3
10054,4
10055,3
10056,2
10057,2
10058,4
10059,4
10060,2
10061,4
10062,3
10063,4
10064,4
10065,3
10066,1
10067,4
10068,2
10069,2
10070,2
10071,3
10072,2
10073,2
10074,3
10075,2
10076,2
10077,2
10078,2
10079,3
10080,2
10081,2
10082,2
10083,3
10084,3
10085,4
10086,3
10087,3
10088,3
10089,2
10090,4
10091,4
10092,3
10093,2
10094,2
10095,2
10096,2
10097,1
10098,3
10099,4
10100,2
10101,4
10102,1
10103,4
10104,3
10105,4
10106,2
10107,4
10108,2
10109,3
10110,4
10111,3
10112,2
10113,2
10114,3
10115,4
10116,2
10117,4
10118,4
10119,2
10120,3
10121,4
10122,2
10123,4
10124,4
10125,4
10126,1
10127,3
10128,2
10129,4
10130,2
10131,3
10132,3
10133,4
10134,3
10135,2
10136,4
10137,3
10138,2
10139,3
10140,2
10141,3
10142,2
10143,3
10144,3
10145,4
10146,4
10147,3
10148,2
10149,3
10150,1
10151,1
10152,2
10153,3
10154,4
10155,4
10156,2
10157,4
10158,4
10159,2
10160,3
10161,1
10162,2
10163,4
10164,1
10165,2
10166,4
10167,2
10168,4
10169,2
10170,4
10171,3
10172,3
10173,2
10174,4
10175,3
10176,4
10177,2
10178,3
10179,3
10180,2
10181,2
10182,3
10183,2
10184,4
10185,1
10186,1
10187,2
10188,2
10189,1
10190,3
10191,2
10192,3
10193,2
10194,1
10195,2
10196,2
10197,3
10198,1
10199,4
10200,4
10201,3
10202,2
10203,2
10204,2
10205,2
10206,2
10207,3
10208,3
10209,3
10210,2
10211,1
10212,4
10213,2
10214,4
10215,1
10216,2
10217,3
10218,3
10219,2
10220,3
10221,1
10222,3
10223,2
10224,2
10225,3
10226,2
10227,2
10228,2
10229,3
10230,3
10231,4
10232,3
10233,1
10234,2
10235,2
10236,3
10237,1
10238,4
10239,2
10240,2
10241,2
10242,4
10243,3
10244,2
10245,4
10246,2
10247,3
10248,3
10249,3
10250,4
10251,2
10252,4
10253,2
10254,3
10255,4
10256,4
10257,1
10258,3
10259,2
10260,3
10261,3
10262,2
10263,4
10264,2
10265,4
10266,2
10267,1
10268,2
10269,3
10270,2
10271,2
10272,4
10273,2
10274,4
10275,2
10276,4
10277,3
10278,3
10279,3
10280,3
10281,1
10282,2
10283,2
10284,3
10285,1
10286,4
10287,2
10288,4
10289,3
10290,4
10291,4
10292,3
10293,3
10294,2
10295,4
10296,3
10297,1
10298,3
10299,1
10300,3
10301,3
10302,4
10303,4
10304,2
10305,2
10306,1
10307,2
10308,2
10309,2
10310,4
10311,2
10312,4
10313,4
10314,1
10315,3
10316,2
10317,3
10318,2
10319,3
10320,3
10321,4
10322,2
10323,4
10324,4
10325,4
10326,3
10327,4
10328,4
10329,2
10330,3
10331,4
10332,2
10333,2
10334,4
10335,4
10336,2
10337,3
10338,4
10339,3
10340,2
10341,3
10342,4
10343,2
10344,1
10345,2
10346,3
10347,2
10348,4
10349,2
10350,2
10351,4
10352,3
10353,4
10354,4
10355,3
10356,2
10357,2
10358,3
10359,2
10360,2
10361,3
10362,3
10363,3
10364,3
10365,3
10366,3
10367,4
10368,3
10369,2
10370,4
10371,1
10372,4
10373,2
10374,4
10375,2
10376,2
10377,2
10378,2
10379,4
10380,4
10381,1
10382,2
10383,3
10384,2
10385,2
10386,3
10387,2
10388,1
10389,4
10390,2
10391,2
10392,3
10393,4
10394,2
10395,4
10396,3
10397,2
10398,2
10399,4
10400,3
10401,3
10402,2
10403,2
10404,4
10405,2
10406,3
10407,1
10408,4
10409,3
10410,2
10411,1
10412,2
10413,2
10414,4
10415,2
10416,4
10417,2
10418,2
10419,3
10420,2
10421,2
10422,3
10423,4
10424,2
10425,3
10426,4
10427,4
10428,4
10429,4
10430,3
10431,4
10432,3
10433,4
10434,2
10435,2
10436,3
10437,1
10438,3
10439,4
10440,2
10441,2
10442,2
10443,3
10444,2
10445,2
10446,3
10447,4
10448,1
10449,3
10450,3
10451,1
10452,2
10453,2
10454,4
10455,1
10456,4
10457,1
10458,1
10459,4
10460,4
10461,4
10462,2
10463,4
10464,4
10465,2
10466,3
10467,4
10468,2
10469,4
10470,3
10471,2
10472,4
10473,2
10474,2
10475,2
10476,4
10477,4
10478,2
10479,3
10480,4
10481,3
10482,4
10483,3
10484,3
10485,4
10486,2
10487,3
10488,3
10489,1
10490,4
10491,1
10492,2
10493,3
10494,2
10495,4
10496,2
10497,4
10498,3
10499,3
10500,3
10501,2
10502,1
10503,3
10504,4
10505,4
10506,3
10507,2
10508,2
10509,3
10510,2
10511,3
10512,4
10513,3
10514,4
10515,4
10516,3
10517,3
10518,3
10519,3
10520,2
10521,3
10522,2
10523,3
10524,3
10525,3
10526,4
10527,4
10528,3
10529,1
10530,4
10531,3
10532,4
10533,2
10534,4
10535,1
10536,2
10537,3
10538,3
10539,3
10540,3
10541,2
10542,3
10543,2
10544,4
10545,2
10546,2
10547,2
10548,2
10549,2
10550,2
10551,4
10552,1
10553,3
10554,4
10555,2
10556,4
10557,2
10558,2
10559,3
10560,3
10561,2
10562,2
10563,2
10564,4
10565,2
10566,2
10567,4
10568,2
10569,3
10570,3
10571,3
10572,3
10573,4
10574,4
10575,3
10576,2
10577,2
10578,2
10579,1
10580,3
10581,3
10582,1
10583,3
10584,4
10585,2
10586,1
10587,4
10588,4
10589,4
10590,2
10591,1
10592,4
10593,3
10594,2
10595,3
10596,2
10597,2
10598,2
10599,3
10600,3
10601,4
10602,4
10603,2
10604,4
10605,4
10606,1
10607,3
10608,4
10609,4
10610,1
10611,3
10612,4
10613,4
10614,1
10615,2
10616,4
10617,1
10618,3
10619,3
10620,3
10621,2
10622,3
10623,4
10624,2
10625,3
10626,4
10627,4
10628,3
10629,4
10630,2
10631,4
10632,2
10633,3
10634,4
10635,3
10636,2
10637,3
10638,3
10639,3
10640,3
10641,2
10642,3
10643,3
10644,3
10645,2
10646,4
10647,3
10648,2
10649,3
10650,3
10651,2
10652,4
10653,2
10654,1
10655,3
10656,1
10657,3
10658,2
10659,2
10660,4
10661,4
10662,3
10663,4
10664,3
10665,2
10666,2
10667,3
10668,4
10669,2
10670,3
10671,3
10672,2
10673,3
10674,4
10675,3
10676,4
10677,3
10678,4
10679,2
10680,3
10681,4
10682,2
10683,2
10684,3
10685,2
10686,4
10687,1
10688,1
10689,2
10690,3
10691,4
10692,4
10693,1
10694,4
10695,2
10696,3
10697,3
10698,4
10699,3
10700,3
10701,2
10702,2
10703,1
10704,4
10705,2
10706,1
10707,2
10708,2
10709,4
10710,3
10711,3
10712,3
10713,2
10714,2
10715,4
10716,2
10717,3
10718,3
10719,1
10720,2
10721,3
10722,3
10723,2
10724,2
10725,2
10726,3
10727,2
10728,2
10729,2
10730,1
10731,3
10732,4
10733,3
10734,3
10735,3
10736,3
10737,2
10738,2
10739,2
10740,3
10741,3
10742,4
10743,3
10744,4
10745,3
10746,2
10747,4
10748,4
10749,2
10750,4
10751,3
10752,4
10753,3
10754,3
10755,2
10756,1
10757,2
10758,4
10759,3
10760,3
10761,2
10762,2
10763,4
10764,2
10765,3
10766,4
10767,2
10768,2
10769,3
10770,3
10771,2
10772,2
10773,4
10774,3
10775,1
10776,2
10777,3
10778,2
10779,3
10780,3
10781,2
10782,4
10783,3
10784,3
10785,2
10786,3
10787,2
10788,1
10789,2
10790,3
10791,3
10792,1
10793,2
10794,4
10795,4
10796,4
10797,3
10798,3
10799,2
10800,2
10801,3
10802,2
10803,4
10804,2
10805,2
10806,3
10807,1
10808,3
10809,2
10810,2
10811,2
10812,2
10813,4
10814,3
10815,2
10816,2
10817,4
10818,4
10819,3
10820,3
10821,3
10822,2
10823,1
10824,3
10825,4
10826,4
10827,1
10828,3
10829,3
10830,4
10831,4
10832,4
10833,2
10834,4
10835,4
10836,2
10837,2
10838,4
10839,2
10840,2
10841,3
10842,2
10843,2
10844,2
10845,3
10846,3
10847,2
10848,1
10849,2
10850,2
10851,4
10852,3
10853,3
10854,4
10855,4
10856,3
10857,3
10858,4
10859,2
10860,3
10861,4
10862,2
10863,2
10864,3
10865,2
10866,3
10867,3
10868,2
10869,4
10870,1
10871,4
10872,3
10873,2
10874,3
10875,2
10876,3
10877,3
10878,4
10879,2
10880,2
10881,2
10882,2
10883,3
10884,4
10885,2
10886,3
10887,3
10888,4
10889,3
10890,2
10891,2
10892,4
10893,3
10894,2
10895,2
10896,2
10897,2
10898,1
10899,4
10900,2
10901,3
10902,3
10903,4
10904,4
10905,4
10906,4
10907,1
10908,4
10909,2
10910,2
10911,3
10912,3
10913,2
10914,2
10915,4
10916,4
10917,1
10918,2
10919,4
10920,3
10921,2
10922,2
10923,4
10924,4
10925,2
10926,3
10927,2
10928,3
10929,2
10930,4
10931,3
10932,2
10933,3
10934,2
10935,2
10936,4
10937,1
10938,3
10939,3
10940,2
10941,2
10942,2
10943,2
10944,3
10945,4
10946,1
10947,4
10948,2
10949,4
10950,1
10951,3
10952,4
10953,3
10954,4
10955,2
10956,3
10957,2
10958,4
10959,3
10960,3
10961,2
10962,2
10963,2
10964,3
10965,4
10966,2
10967,4
10968,2
10969,4
10970,4
10971,1
10972,3
10973,3
10974,3
10975,3
10976,3
10977,2
10978,3
10979,3
10980,4
10981,3
10982,3
10983,1
10984,3
10985,1
10986,3
10987,3
10988,3
10989,3
10990,2
10991,4
10992,2
10993,3
10994,2
10995,2
10996,2
10997,4
10998,1
10999,4
11000,4
11001,4
11002,2
11003,4
11004,3
11005,1
11006,2
11007,4
11008,2
11009,4
11010,1
11011,3
11012,2
11013,4
11014,1
11015,2
11016,4
11017,3
11018,2
11019,3
11020,4
11021,1
11022,2
11023,3
11024,2
11025,3
11026,2
11027,2
11028,4
11029,2
11030,4
11031,2
11032,1
11033,2
11034,2
11035,4
11036,3
11037,2
11038,4
11039,4
11040,3
11041,2
11042,1
11043,2
11044,2
11045,2
11046,3
11047,2
11048,4
11049,2
11050,1
11051,3
11052,2
11053,3
11054,2
11055,4
11056,4
11057,4
11058,3
11059,3
11060,2
11061,2
11062,4
11063,3
11064,4
11065,3
11066,2
11067,4
11068,2
11069,1
11070,2
11071,3
11072,2
11073,1
11074,4
11075,3
11076,3
11077,3
11078,2
11079,1
11080,4
11081,4
11082,3
11083,4
11084,3
11085,3
11086,4
11087,2
11088,4
11089,3
11090,2
11091,3
11092,1
11093,2
11094,3
11095,2
11096,2
11097,4
11098,2
11099,1
11100,2
11101,4
11102,4
11103,3
11104,3
11105,4
11106,4
11107,3
11108,2
11109,2
11110,3
11111,2
11112,4
11113,4
11114,2
11115,2
11116,4
11117,4
11118,4
11119,2
11120,2
11121,2
11122,3
11123,2
11124,3
11125,2
11126,3
11127,4
11128,2
11129,3
11130,4
11131,4
11132,4
11133,2
11134,2
11135,4
11136,2
11137,2
11138,3
11139,4
11140,3
11141,3
11142,4
11143,4
11144,1
11145,3
11146,4
11147,4
11148,2
11149,3
11150,2
11151,4
11152,4
11153,2
11154,1
11155,4
11156,2
11157,2
11158,2
11159,3
11160,4
11161,2
11162,4
11163,3
11164,3
11165,2
11166,4
11167,3
11168,2
11169,2
11170,3
11171,3
11172,4
11173,4
11174,3
11175,4
11176,1
11177,2
11178,3
11179,3
11180,2
11181,2
11182,2
11183,2
11184,4
11185,2
11186,2
11187,3
11188,4
11189,4
11190,3
11191,3
11192,4
11193,3
11194,1
11195,4
11196,4
11197,2
11198,1
11199,1
11200,4
11201,4
11202,3
11203,3
11204,4
11205,4
11206,3
11207,3
11208,2
11209,3
11210,4
11211,3
11212,1
11213,4
11214,2
11215,4
11216,2
11217,1
11218,2
11219,3
11220,2
11221,4
11222,2
11223,2
11224,2
11225,3
11226,2
11227,3
11228,4
11229,3
11230,3
11231,2
11232,3
11233,4
11234,4
11235,3
11236,4
11237,2
11238,2
11239,3
11240,2
11241,2
11242,2
11243,2
11244,4
11245,1
11246,2
11247,2
11248,2
11249,4
11250,3
11251,4
11252,3
11253,4
11254,4
11255,2
11256,3
11257,2
11258,4
11259,3
11260,4
11261,3
11262,3
11263,3
11264,1
11265,2
11266,3
11267,3
11268,4
11269,1
11270,3
11271,2
11272,4
11273,4
11274,3
11275,2
11276,2
11277,1
11278,4
11279,2
11280,4
11281,2
11282,4
11283,3
11284,4
11285,2
11286,2
11287,2
11288,3
11289,2
11290,2
11291,4
11292,2
11293,2
11294,3
11295,4
11296,3
11297,2
11298,2
11299,4
11300,3
11301,3
11302,4
11303,3
11304,1
11305,2
11306,4
11307,2
11308,2
11309,4
11310,3
11311,1
11312,3
11313,2
11314,2
11315,3
11316,2
11317,1
11318,4
11319,3
11320,2
11321,2
11322,3
11323,3
11324,1
11325,3
11326,1
11327,3
11328,1
11329,3
11330,2
11331,1
11332,3
11333,1
11334,4
11335,2
11336,2
11337,4
11338,4
11339,2
11340,2
11341,4
11342,4
11343,2
11344,4
11345,3
11346,3
11347,2
11348,3
11349,4
11350,2
11351,3
11352,3
11353,3
11354,2
11355,2
11356,1
11357,4
11358,1
11359,2
11360,3
11361,4
11362,2
11363,3
11364,2
11365,3
11366,3
11367,2
11368,2
11369,2
11370,3
11371,2
11372,3
11373,2
11374,4
11375,1
11376,2
11377,4
11378,2
11379,2
11380,4
11381,4
11382,4
11383,1
11384,4
11385,4
11386,2
11387,2
11388,2
11389,3
11390,4
11391,1
11392,4
11393,2
11394,2
11395,4
11396,3
11397,4
11398,3
11399,3
11400,2
11401,3
11402,1
11403,2
11404,3
11405,4
11406,3
11407,2
11408,3
11409,2
11410,2
11411,2
11412,2
11413,2
11414,1
11415,3
11416,2
11417,4
11418,3
11419,2
11420,4
11421,2
11422,2
11423,4
11424,4
11425,3
11426,2
11427,2
11428,4
11429,3
11430,3
11431,3
11432,4
11433,3
11434,2
11435,3
11436,3
11437,2
11438,4
11439,4
11440,2
11441,3
11442,2
11443,3
11444,3
11445,3
11446,3
11447,4
11448,2
11449,2
11450,2
11451,4
11452,2
11453,1
11454,3
11455,2
11456,3
11457,4
11458,3
11459,3
11460,3
11461,3
11462,4
11463,4
11464,3
11465,3
11466,3
11467,4
11468,4
11469,4
11470,4
11471,2
11472,4
11473,3
11474,1
11475,2
11476,3
11477,1
11478,2
11479,3
11480,3
11481,2
11482,2
11483,4
11484,3
11485,3
11486,4
11487,2
11488,2
11489,3
11490,3
11491,2
11492,1
11493,2
11494,4
11495,3
11496,4
11497,2
11498,2
11499,3
11500,3
11501,2
11502,3
11503,1
11504,2
11505,1
11506,2
11507,4
11508,3
11509,2
11510,2
11511,4
11512,3
11513,4
11514,3
11515,3
11516,4
11517,2
11518,2
11519,3
11520,3
11521,2
11522,4
11523,1
11524,4
11525,4
11526,2
11527,4
11528,1
11529,3
11530,2
11531,4
11532,1
11533,4
11534,3
11535,3
11536,4
11537,4
11538,3
11539,3
11540,2
11541,1
11542,2
11543,3
11544,3
11545,3
11546,4
11547,4
11548,3
11549,3
11550,3
11551,4
11552,4
11553,3
11554,1
11555,4
11556,1
11557,4
11558,3
11559,2
11560,2
11561,2
11562,1
11563,1
11564,4
11565,3
11566,2
11567,3
11568,3
11569,3
11570,2
11571,4
11572,3
11573,3
11574,4
11575,4
11576,2
11577,4
11578,4
11579,4
11580,3
11581,4
11582,4
11583,3
11584,1
11585,3
11586,4
11587,1
11588,4
11589,3
11590,3
11591,2
11592,2
11593,2
11594,4
11595,4
11596,2
11597,3
11598,1
11599,3
11600,2
11601,2
11602,3
11603,3
11604,2
11605,3
11606,2
11607,3
11608,4
11609,3
11610,1
11611,2
11612,3
11613,2
11614,4
11615,4
11616,2
11617,2
11618,4
11619,4
11620,1
11621,2
11622,4
11623,2
11624,1
11625,4
11626,2
11627,1
11628,3
11629,4
11630,3
11631,2
11632,2
11633,2
11634,3
11635,3
11636,3
11637,2
11638,3
11639,2
11640,3
11641,4
11642,3
11643,3
11644,2
11645,2
11646,4
11647,4
11648,2
11649,3
11650,1
11651,2
11652,3
11653,2
11654,4
11655,2
11656,2
11657,2
11658,2
11659,2
11660,3
11661,2
11662,2
11663,3
11664,2
11665,4
11666,3
11667,2
11668,1
11669,4
11670,1
11671,2
11672,4
11673,2
11674,3
11675,4
11676,4
11677,4
11678,2
11679,4
11680,3
11681,4
11682,2
11683,3
11684,3
11685,3
11686,3
11687,3
11688,4
11689,3
11690,1
11691,4
11692,2
11693,4
11694,4
11695,4
11696,4
11697,2
11698,4
11699,2
11700,3
11701,3
11702,3
11703,2
11704,4
11705,1
11706,1
11707,2
11708,2
11709,2
11710,4
11711,2
11712,2
11713,3
11714,2
11715,2
11716,4
11717,3
11718,3
11719,1
11720,2
11721,4
11722,4
11723,2
11724,3
11725,2
11726,3
11727,2
11728,3
11729,2
11730,2
11731,4
11732,3
11733,1
11734,4
11735,3
11736,4
11737,3
11738,2
11739,1
11740,2
11741,3
11742,3
11743,3
11744,4
11745,4
11746,4
11747,4
11748,3
11749,4
11750,2
11751,4
11752,3
11753,2
11754,3
11755,3
11756,4
11757,3
11758,4
11759,3
11760,3
11761,3
11762,4
11763,4
11764,2
11765,2
11766,3
11767,2
11768,3
11769,4
11770,2
11771,1
11772,3
11773,3
11774,3
11775,2
11776,3
11777,3
11778,3
11779,4
11780,3
11781,4
11782,3
11783,4
11784,3
11785,4
11786,4
11787,3
11788,4
11789,3
11790,2
11791,2
11792,1
11793,1
11794,3
11795,3
11796,4
11797,2
11798,1
11799,2
11800,3
11801,3
11802,3
11803,2
11804,2
11805,3
11806,3
11807,4
11808,3
11809,3
11810,2
11811,4
11812,4
11813,4
11814,2
11815,2
11816,4
11817,4
11818,2
11819,3
11820,2
11821,2
11822,3
11823,4
11824,1
11825,1
11826,3
11827,2
11828,1
11829,4
11830,4
11831,3
11832,1
11833,2
11834,2
11835,2
11836,2
11837,4
11838,2
11839,3
11840,4
11841,2
11842,3
11843,3
11844,2
11845,3
11846,4
11847,2
11848,4
11849,2
11850,2
11851,2
11852,2
11853,2
11854,4
11855,1
11856,4
11857,2
11858,2
11859,2
11860,1
11861,2
11862,3
11863,2
11864,4
11865,2
11866,2
11867,3
11868,2
11869,3
11870,4
11871,2
11872,4
11873,4
11874,2
11875,2
11876,4
11877,4
11878,1
11879,3
11880,4
11881,2
11882,2
11883,4
11884,2
11885,2
11886,2
11887,4
11888,3
11889,2
11890,3
11891,4
11892,1
11893,3
11894,4
11895,3
11896,4
11897,4
11898,4
11899,4
11900,1
11901,1
11902,3
11903,2
11904,4
11905,2
11906,4
11907,3
11908,2
11909,4
11910,4
11911,2
11912,3
11913,2
11914,3
11915,3
11916,2
11917,2
11918,3
11919,1
11920,3
11921,4
11922,2
11923,1
11924,2
11925,4
11926,2
11927,4
11928,4
11929,3
11930,2
11931,3
11932,4
11933,3
11934,3
11935,2
11936,4
11937,2
11938,1
11939,3
11940,4
11941,2
11942,2
11943,2
11944,2
11945,2
11946,4
11947,3
11948,2
11949,4
11950,3
11951,4
11952,4
11953,4
11954,2
11955,2
11956,2
11957,1
11958,2
11959,2
11960,4
11961,3
11962,2
11963,2
11964,3
11965,3
11966,3
11967,2
11968,3
11969,3
11970,2
11971,3
11972,4
11973,3
11974,3
11975,4
11976,3
11977,3
11978,3
11979,3
11980,1
11981,4
11982,3
11983,3
11984,3
11985,2
11986,3
11987,4
11988,1
11989,3
11990,1
11991,2
11992,2
11993,3
11994,2
11995,2
11996,2
11997,1
11998,3
11999,4
12000,4
12001,2
12002,2
12003,3
12004,2
12005,2
12006,4
12007,2
12008,2
12009,4
12010,2
12011,3
12012,4
12013,2
12014,3
12015,2
12016,3
12017,2
12018,1
12019,2
12020,3
12021,3
12022,4
12023,4
12024,2
12025,2
12026,4
12027,2
12028,2
12029,3
12030,3
12031,2
12032,3
12033,4
12034,3
12035,4
12036,4
12037,3
12038,3
12039,1
12040,2
12041,2
12042,3
12043,4
12044,1
12045,4
12046,2
12047,2
12048,4
12049,2
12050,3
12051,3
12052,2
12053,3
12054,1
12055,3
12056,2
12057,4
12058,4
12059,2
12060,2
12061,2
12062,4
12063,4
12064,2
12065,2
12066,2
12067,3
12068,3
12069,2
12070,3
12071,3
12072,3
12073,3
12074,1
12075,3
12076,4
12077,2
12078,3
12079,3
12080,4
12081,4
12082,2
12083,2
12084,4
12085,3
12086,2
12087,4
12088,4
12089,4
12090,2
12091,3
12092,4
12093,1
12094,2
12095,3
12096,4
12097,2
12098,3
12099,2
12100,2
12101,4
12102,3
12103,4
12104,2
12105,4
12106,2
12107,2
12108,2
12109,3
12110,2
12111,3
12112,4
12113,3
12114,3
12115,4
12116,1
12117,4
12118,4
12119,2
12120,4
12121,3
12122,3
12123,4
12124,1
12125,3
12126,4
12127,3
12128,2
12129,1
12130,1
12131,2
12132,3
12133,2
12134,4
12135,3
12136,4
12137,1
12138,4
12139,3
12140,4
12141,3
12142,2
12143,4
12144,3
12145,2
12146,3
12147,3
12148,4
12149,1
12150,3
12151,3
12152,3
12153,3
12154,3
12155,3
12156,2
12157,3
12158,3
12159,3
12160,2
12161,1
12162,2
12163,1
12164,2
12165,2
12166,3
12167,4
12168,2
12169,2
12170,4
12171,3
12172,3
12173,3
12174,3
12175,3
12176,2
12177,4
12178,4
12179,4
12180,3
12181,2
12182,3
12183,2
12184,4
12185,3
12186,1
12187,4
12188,2
12189,2
12190,2
12191,2
12192,4
12193,3
12194,1
12195,3
12196,1
12197,2
12198,2
12199,3
12200,3
12201,1
12202,3
12203,3
12204,3
12205,3
12206,2
12207,3
12208,1
12209,3
12210,2
12211,4
12212,3
12213,3
12214,2
12215,1
12216,2
12217,2
12218,2
12219,3
12220,4
12221,2
12222,4
12223,2
12224,2
12225,2
12226,2
12227,3
12228,2
12229,4
12230,2
12231,4
12232,4
12233,2
12234,2
12235,4
12236,3
12237,3
12238,3
12239,3
12240,1
12241,2
12242,2
12243,4
12244,4
12245,2
12246,1
12247,1
12248,2
12249,2
12250,2
12251,2
12252,3
12253,3
12254,3
12255,4
12256,2
12257,2
12258,3
12259,2
12260,4
12261,2
12262,4
12263,3
12264,2
12265,3
12266,3
12267,2
12268,4
12269,4
12270,3
12271,2
12272,4
12273,4
12274,2
12275,3
12276,4
12277,2
12278,3
12279,2
12280,4
12281,3
12282,4
12283,3
12284,4
12285,4
12286,4
12287,3
12288,3
12289,2
12290,4
12291,4
12292,3
12293,4
12294,2
12295,2
12296,3
12297,3
12298,4
12299,1
12300,3
12301,2
12302,4
12303,1
12304,2
12305,1
12306,2
12307,2
12308,2
12309,3
12310,4
12311,3
12312,2
12313,3
12314,2
12315,2
12316,4
12317,2
12318,3
12319,2
12320,3
12321,4
12322,3
12323,2
12324,3
12325,1
12326,4
12327,4
12328,2
12329,4
12330,2
12331,4
12332,1
12333,3
12334,2
12335,2
12336,2
12337,3
12338,3
12339,1
12340,3
12341,4
12342,4
12343,4
12344,2
12345,4
12346,2
12347,3
12348,2
12349,4
12350,3
12351,1
12352,3
12353,2
12354,2
12355,3
12356,2
12357,4
12358,3
12359,3
12360,2
12361,4
12362,3
12363,2
12364,2
12365,2
12366,3
12367,3
12368,3
12369,3
12370,3
12371,4
12372,4
12373,4
12374,4
12375,4
12376,3
12377,4
12378,2
12379,2
12380,3
12381,3
12382,2
12383,4
12384,4
12385,4
12386,4
12387,4
12388,2
12389,1
12390,4
12391,4
12392,3
12393,3
12394,3
12395,2
12396,1
12397,4
12398,3
12399,1
12400,4
12401,4
12402,4
12403,3
12404,2
12405,1
12406,2
12407,3
12408,1
12409,1
12410,2
12411,3
12412,2
12413,3
12414,1
12415,2
12416,3
12417,2
12418,2
12419,4
12420,2
12421,1
12422,4
12423,3
12424,4
12425,2
12426,2
12427,1
12428,2
12429,4
12430,2
12431,2
12432,1
12433,2
12434,1
12435,2
12436,2
12437,3
12438,4
12439,3
12440,4
12441,4
12442,3
12443,3
12444,3
12445,2
12446,4
12447,2
12448,2
12449,4
12450,1
12451,4
12452,1
12453,3
12454,3
12455,2
12456,4
12457,3
12458,3
12459,3
12460,1
12461,4
12462,2
12463,2
12464,4
12465,3
12466,3
12467,3
12468,1
12469,4
12470,4
12471,4
12472,3
12473,4
12474,2
12475,3
12476,3
12477,3
12478,4
12479,3
12480,2
12481,4
12482,4
12483,3
12484,3
12485,3
12486,3
12487,2
12488,4
12489,1
12490,1
12491,2
12492,2
12493,4
12494,3
12495,4
12496,3
12497,2
12498,4
12499,2
12500,3
12501,2
12502,2
12503,4
12504,2
12505,2
12506,3
12507,4
12508,4
12509,2
12510,2
12511,2
12512,1
12513,4
12514,2
12515,2
12516,2
12517,4
12518,1
12519,3
12520,2
12521,3
12522,3
12523,2
12524,1
12525,1
12526,3
12527,3
12528,2
12529,4
12530,3
12531,2
12532,4
12533,3
12534,2
12535,4
12536,4
12537,2
12538,1
12539,2
12540,2
12541,3
12542,2
12543,4
12544,2
12545,2
12546,3
12547,2
12548,2
12549,2
12550,3
12551,4
12552,2
12553,4
12554,3
12555,1
12556,3
12557,1
12558,2
12559,2
12560,4
12561,4
12562,3
12563,4
12564,2
12565,3
12566,2
12567,2
12568,4
12569,4
12570,4
12571,4
12572,4
12573,4
12574,4
12575,2
12576,2
12577,2
12578,3
12579,2
12580,4
12581,2
12582,4
12583,2
12584,3
12585,4
12586,4
12587,3
12588,1
12589,3
12590,4
12591,2
12592,4
12593,3
12594,4
12595,2
12596,4
12597,4
12598,4
12599,2
12600,4
12601,2
12602,4
12603,2
12604,3
12605,4
12606,3
12607,2
12608,2
12609,2
12610,2
12611,4
12612,3
12613,4
12614,1
12615,2
12616,4
12617,2
12618,3
12619,2
12620,2
12621,4
12622,4
12623,4
12624,2
12625,2
12626,2
12627,3
12628,4
12629,4
12630,4
12631,2
12632,2
12633,3
12634,1
12635,3
12636,4
12637,4
12638,3
12639,1
12640,4
12641,3
12642,2
12643,2
12644,2
12645,4
12646,4
12647,2
12648,2
12649,3
12650,1
12651,2
12652,1
12653,3
12654,2
12655,4
12656,2
12657,2
12658,1
12659,1
12660,4
12661,3
12662,3
12663,3
12664,3
12665,4
12666,2
12667,2
12668,3
12669,4
12670,3
12671,4
12672,2
12673,1
12674,4
12675,3
12676,4
12677,4
12678,4
12679,3
12680,4
12681,2
12682,4
12683,2
12684,4
12685,2
12686,2
12687,4
12688,3
12689,3
12690,3
12691,3
12692,3
12693,4
12694,2
12695,4
12696,3
12697,4
12698,3
12699,4
12700,4
12701,1
12702,4
12703,4
12704,4
12705,3
12706,1
12707,2
12708,2
12709,4
12710,4
12711,2
12712,3
12713,4
12714,2
12715,2
12716,3
12717,4
12718,4
12719,1
12720,2
12721,4
12722,4
12723,3
12724,2
12725,4
12726,3
12727,2
12728,2
12729,2
12730,2
12731,2
12732,2
12733,2
12734,2
12735,2
12736,3
12737,2
12738,2
12739,1
12740,4
12741,2
12742,2
12743,2
12744,3
12745,2
12746,2
12747,2
12748,4
12749,4
12750,4
12751,3
12752,3
12753,4
12754,4
12755,2
12756,2
12757,4
12758,4
12759,3
12760,3
12761,2
12762,4
12763,4
12764,2
12765,3
12766,2
12767,3
12768,2
12769,3
12770,2
12771,2
12772,2
12773,2
12774,4
12775,4
12776,1
12777,4
12778,3
12779,2
12780,4
12781,4
12782,3
12783,4
12784,2
12785,2
12786,4
12787,3
12788,4
12789,4
12790,2
12791,3
12792,4
12793,2
12794,2
12795,4
12796,2
12797,3
12798,3
12799,4
12800,2
12801,3
12802,4
12803,3
12804,4
12805,2
12806,3
12807,3
12808,3
12809,2
12810,1
12811,4
12812,4
12813,2
12814,3
12815,3
12816,4
12817,4
12818,4
12819,2
12820,4
12821,3
12822,3
12823,4
12824,2
12825,4
12826,2
12827,3
12828,3
12829,3
12830,2
12831,2
12832,2
12833,2
12834,2
12835,4
12836,2
12837,3
12838,2
12839,3
12840,2
12841,2
12842,2
12843,2
12844,3
12845,4
12846,2
12847,4
12848,4
12849,2
12850,3
12851,4
12852,2
12853,3
12854,3
12855,2
12856,4
12857,3
12858,2
12859,2
12860,1
12861,3
12862,2
12863,3
12864,3
12865,2
12866,4
12867,3
12868,2
12869,3
12870,3
12871,3
12872,1
12873,2
12874,2
12875,2
12876,3
12877,3
12878,2
12879,3
12880,2
12881,1
12882,4
12883,1
12884,1
12885,2
12886,2
12887,4
12888,4
12889,2
12890,3
12891,4
12892,3
12893,3
12894,2
12895,2
12896,3
12897,4
12898,4
12899,3
12900,2
12901,2
12902,4
12903,3
12904,4
12905,4
12906,2
12907,3
12908,3
12909,2
12910,2
12911,2
12912,2
12913,4
12914,4
12915,1
12916,2
12917,2
12918,4
12919,2
12920,3
12921,3
12922,4
12923,3
12924,1
12925,3
12926,2
12927,2
12928,4
12929,4
12930,3
12931,3
12932,2
12933,4
12934,4
12935,2
12936,3
12937,3
12938,3
12939,4
12940,3
12941,3
12942,3
12943,2
12944,4
12945,2
12946,3
12947,3
12948,2
12949,1
12950,1
12951,1
12952,2
12953,2
12954,2
12955,4
12956,2
12957,2
12958,2
12959,2
12960,2
12961,4
12962,3
12963,1
12964,2
12965,4
12966,4
12967,4
12968,3
12969,4
12970,1
12971,3
12972,1
12973,3
12974,2
12975,1
12976,2
12977,3
12978,3
12979,2
12980,3
12981,4
12982,2
12983,4
12984,1
12985,2
12986,2
12987,3
12988,4
12989,1
12990,3
12991,2
12992,3
12993,2
12994,3
12995,2
12996,4
12997,2
12998,2
12999,3
13000,2
13001,4
13002,2
13003,3
13004,2
13005,4
13006,3
13007,3
13008,2
13009,4
13010,4
13011,3
13012,4
13013,2
13014,3
13015,3
13016,2
13017,3
13018,2
13019,3
13020,4
13021,1
13022,2
13023,3
13024,4
13025,2
13026,2
13027,2
13028,4
13029,2
13030,3
13031,2
13032,2
13033,4
13034,3
13035,4
13036,4
13037,2
13038,3
13039,2
13040,1
13041,2
13042,3
13043,2
13044,4
13045,4
13046,1
13047,1
13048,4
13049,3
13050,4
13051,2
13052,3
13053,3
13054,2
13055,2
13056,1
13057,4
13058,1
13059,3
13060,2
13061,3
13062,2
13063,2
13064,3
13065,3
13066,2
13067,2
13068,2
13069,1
13070,3
13071,2
13072,4
13073,1
13074,1
13075,3
13076,2
13077,3
13078,4
13079,2
13080,3
13081,4
13082,3
13083,2
13084,2
13085,3
13086,3
13087,2
13088,4
13089,4
13090,4
13091,2
13092,4
13093,4
13094,3
13095,2
13096,2
13097,2
13098,3
13099,2
13100,3
13101,2
13102,2
13103,3
13104,3
13105,2
13106,4
13107,3
13108,3
13109,3
13110,3
13111,3
13112,4
13113,2
13114,4
13115,4
13116,2
13117,4
13118,4
13119,3
13120,1
13121,2
13122,4
13123,1
13124,4
13125,3
13126,2
13127,2
13128,4
13129,3
13130,4
13131,4
13132,3
13133,1
13134,2
13135,2
13136,3
13137,4
13138,1
13139,2
13140,3
13141,1
13142,2
13143,2
13144,2
13145,3
13146,4
13147,4
13148,4
13149,4
13150,4
13151,4
13152,2
13153,4
13154,3
13155,2
13156,4
13157,3
13158,2
13159,4
13160,2
13161,4
13162,3
13163,3
13164,2
13165,2
13166,2
13167,3
13168,2
13169,1
13170,2
13171,2
13172,2
13173,2
13174,2
13175,2
13176,3
13177,2
13178,2
13179,4
13180,3
13181,1
13182,2
13183,2
13184,4
13185,4
13186,3
13187,4
13188,3
13189,3
13190,3
13191,2
13192,1
13193,4
13194,2
13195,1
13196,4
13197,2
13198,2
13199,2
13200,4
13201,4
13202,4
13203,2
13204,4
13205,4
13206,3
13207,4
13208,4
13209,3
13210,3
13211,2
13212,2
13213,1
13214,3
13215,2
13216,3
13217,1
13218,2
13219,3
13220,2
13221,3
13222,2
13223,2
13224,3
13225,3
13226,1
13227,4
13228,1
13229,3
13230,3
13231,4
13232,4
13233,4
13234,3
13235,4
13236,1
13237,4
13238,4
13239,3
13240,2
13241,1
13242,2
13243,4
13244,2
13245,1
13246,3
13247,3
13248,2
13249,4
13250,4
13251,4
13252,2
13253,3
13254,3
13255,4
13256,4
13257,4
13258,1
13259,2
13260,2
13261,3
13262,2
13263,2
13264,4
13265,2
13266,2
13267,4
13268,4
13269,2
13270,4
13271,3
13272,3
13273,3
13274,1
13275,3
13276,4
13277,2
13278,4
13279,4
13280,3
13281,4
13282,4
13283,3
13284,2
13285,2
13286,4
13287,3
13288,4
13289,4
13290,4
13291,3
13292,3
13293,2
13294,2
13295,3
13296,4
13297,4
13298,1
13299,1
13300,3
13301,4
13302,2
13303,2
13304,3
13305,4
13306,2
13307,3
13308,1
13309,1
13310,3
13311,3
13312,4
13313,2
13314,2
13315,3
13316,2
13317,2
13318,1
13319,2
13320,2
13321,4
13322,1
13323,4
13324,4
13325,4
13326,3
13327,3
13328,4
13329,2
13330,4
13331,3
13332,3
13333,1
13334,3
13335,4
13336,4
13337,4
13338,3
13339,4
13340,3
13341,3
13342,2
13343,2
13344,4
13345,3
13346,4
13347,1
13348,4
13349,2
13350,4
13351,2
13352,1
13353,4
13354,3
13355,2
13356,3
13357,3
13358,4
13359,4
13360,3
13361,2
13362,3
13363,2
13364,4
13365,3
13366,4
13367,4
13368,4
13369,2
13370,2
13371,1
13372,4
13373,2
13374,4
13375,4
13376,2
13377,2
13378,4
13379,2
13380,3
13381,3
13382,2
13383,4
13384,4
13385,1
13386,3
13387,1
13388,3
13389,2
13390,4
13391,1
13392,2
13393,3
13394,4
13395,4
13396,3
13397,4
13398,3
13399,2
13400,2
13401,3
13402,2
13403,4
13404,4
13405,4
13406,2
13407,4
13408,4
13409,4
13410,3
13411,2
13412,2
13413,2
13414,4
13415,2
13416,3
13417,3
13418,3
13419,2
13420,4
13421,4
13422,3
13423,3
13424,4
13425,2
13426,3
13427,3
13428,1
13429,4
13430,2
13431,4
13432,2
13433,3
13434,4
13435,4
13436,4
13437,3
13438,1
13439,1
13440,4
13441,4
13442,2
13443,4
13444,1
13445,2
13446,2
13447,3
13448,4
13449,2
13450,3
13451,1
13452,4
13453,3
13454,4
13455,4
13456,2
13457,4
13458,1
13459,1
13460,3
13461,1
13462,2
13463,2
13464,3
13465,2
13466,2
13467,3
13468,1
13469,4
13470,2
13471,4
13472,4
13473,2
13474,3
13475,4
13476,1
13477,2
13478,4
13479,2
13480,2
13481,2
13482,3
13483,3
13484,3
13485,4
13486,1
13487,4
13488,2
13489,3
13490,1
13491,4
13492,2
13493,3
13494,4
13495,3
13496,2
13497,3
13498,2
13499,3
13500,4
13501,4
13502,2
13503,4
13504,4
13505,4
13506,3
13507,2
13508,4
13509,2
13510,4
13511,4
13512,3
13513,4
13514,1
13515,4
13516,2
13517,2
13518,4
13519,1
13520,4
13521,4
13522,2
13523,3
13524,2
13525,1
13526,3
13527,4
13528,4
13529,2
13530,4
13531,4
13532,3
13533,2
13534,4
13535,2
13536,2
13537,2
13538,3
13539,4
13540,1
13541,4
13542,4
13543,2
13544,3
13545,1
13546,2
13547,4
13548,4
13549,2
13550,3
13551,3
13552,2
13553,2
13554,2
13555,2
13556,2
13557,2
13558,2
13559,2
13560,4
13561,1
13562,4
13563,4
13564,3
13565,4
13566,3
13567,2
13568,4
13569,2
13570,1
13571,2
13572,3
13573,3
13574,2
13575,3
13576,2
13577,3
13578,3
13579,4
13580,4
13581,4
13582,4
13583,2
13584,4
13585,4
13586,1
13587,3
13588,2
13589,1
13590,2
13591,2
13592,1
13593,3
13594,2
13595,1
13596,4
13597,4
13598,2
13599,1
13600,3
13601,4
13602,4
13603,4
13604,2
13605,3
13606,3
13607,1
13608,1
13609,3
13610,3
13611,2
13612,4
13613,4
13614,4
13615,2
13616,2
13617,4
13618,3
13619,2
13620,3
13621,2
13622,3
13623,2
13624,2
13625,2
13626,3
13627,4
13628,3
13629,2
13630,3
13631,3
13632,2
13633,1
13634,4
13635,3
13636,4
13637,2
13638,1
13639,2
13640,4
13641,2
13642,2
13643,3
13644,3
13645,3
13646,1
13647,3
13648,3
13649,2
13650,4
13651,4
13652,3
13653,4
13654,2
13655,3
13656,3
13657,4
13658,1
13659,4
13660,2
13661,2
13662,2
13663,1
13664,3
13665,4
13666,4
13667,4
13668,1
13669,4
13670,3
13671,3
13672,4
13673,2
13674,4
13675,3
13676,3
13677,2
13678,4
13679,3
13680,1
13681,2
13682,2
13683,2
13684,3
13685,2
13686,2
13687,4
13688,2
13689,4
13690,3
13691,4
13692,3
13693,1
13694,4
13695,4
13696,2
13697,2
13698,2
13699,4
13700,3
13701,2
13702,2
13703,3
13704,3
13705,3
13706,2
13707,2
13708,2
13709,3
13710,3
13711,2
13712,4
13713,3
13714,4
13715,4
13716,2
13717,1
13718,2
13719,2
13720,4
13721,3
13722,1
13723,3
13724,2
13725,3
13726,3
13727,4
13728,2
13729,2
13730,2
13731,1
13732,2
13733,4
13734,3
13735,4
13736,2
13737,2
13738,4
13739,3
13740,4
13741,2
13742,3
13743,3
13744,4
13745,3
13746,4
13747,4
13748,4
13749,2
13750,2
13751,4
13752,2
13753,3
13754,2
13755,2
13756,2
13757,2
13758,3
13759,2
13760,3
13761,4
13762,2
13763,2
13764,3
13765,4
13766,2
13767,2
13768,4
13769,4
13770,4
13771,4
13772,4
13773,1
13774,3
13775,4
13776,1
13777,4
13778,2
13779,2
13780,2
13781,4
13782,4
13783,3
13784,2
13785,1
13786,3
13787,1
13788,4
13789,2
13790,2
13791,4
13792,3
13793,2
13794,1
13795,4
13796,3
13797,4
13798,2
13799,4
13800,3
13801,4
13802,3
13803,2
13804,3
13805,3
13806,2
13807,3
13808,2
13809,1
13810,2
13811,4
13812,3
13813,4
13814,4
13815,2
13816,1
13817,2
13818,2
13819,4
13820,2
13821,3
13822,3
13823,2
13824,2
13825,2
13826,4
13827,1
13828,2
13829,4
13830,2
13831,3
13832,4
13833,2
13834,4
13835,3
13836,1
13837,3
13838,3
13839,2
13840,4
13841,4
13842,4
13843,1
13844,3
13845,4
13846,4
13847,3
13848,4
13849,3
13850,3
13851,4
13852,3
13853,1
13854,2
13855,4
13856,3
13857,4
13858,4
13859,2
13860,4
13861,1
13862,1
13863,2
13864,4
13865,3
13866,2
13867,2
13868,3
13869,3
13870,1
13871,1
13872,4
13873,3
13874,3
13875,1
13876,2
13877,4
13878,2
13879,4
13880,4
13881,2
13882,2
13883,3
13884,2
13885,3
13886,4
13887,2
13888,4
13889,3
13890,3
13891,3
13892,4
13893,3
13894,4
13895,1
13896,4
13897,3
13898,4
13899,2
13900,4
13901,2
13902,2
13903,3
13904,3
13905,2
13906,2
13907,4
13908,3
13909,2
13910,3
13911,3
13912,3
13913,2
13914,4
13915,1
13916,4
13917,3
13918,3
13919,3
13920,3
13921,4
13922,2
13923,2
13924,2
13925,3
13926,3
13927,3
13928,4
13929,3
13930,2
13931,2
13932,4
13933,3
13934,3
13935,2
13936,2
13937,2
13938,4
13939,3
13940,4
13941,3
13942,4
13943,3
13944,2
13945,3
13946,3
13947,2
13948,1
13949,1
13950,3
13951,3
13952,3
13953,2
13954,2
13955,4
13956,2
13957,3
13958,3
13959,3
13960,1
13961,4
13962,2
13963,4
13964,4
13965,3
13966,3
13967,4
13968,2
13969,3
13970,2
13971,2
13972,4
13973,2
13974,2
13975,2
13976,1
13977,4
13978,3
13979,2
13980,3
13981,3
13982,3
13983,1
13984,1
13985,2
13986,2
13987,2
13988,2
13989,4
13990,3
13991,3
13992,3
13993,3
13994,3
13995,3
13996,4
13997,4
13998,3
13999,4
14000,2
14001,3
14002,4
14003,3
14004,4
14005,4
14006,3
14007,2
14008,4
14009,1
14010,4
14011,3
14012,2
14013,4
14014,2
14015,2
14016,3
14017,2
14018,1
14019,4
14020,4
14021,3
14022,1
14023,4
14024,3
14025,2
14026,2
14027,4
14028,3
14029,4
14030,4
14031,4
14032,2
14033,4
14034,3
14035,4
14036,4
14037,3
14038,4
14039,2
14040,3
14041,1
14042,4
14043,4
14044,3
14045,2
14046,4
14047,2
14048,4
14049,4
14050,4
14051,3
14052,3
14053,4
14054,2
14055,3
14056,3
14057,3
14058,2
14059,2
14060,3
14061,3
14062,4
14063,2
14064,4
14065,2
14066,3
14067,2
14068,2
14069,2
14070,4
14071,4
14072,1
14073,3
14074,2
14075,3
14076,2
14077,4
14078,3
14079,3
14080,3
14081,2
14082,4
14083,3
14084,2
14085,2
14086,2
14087,3
14088,2
14089,4
14090,3
14091,2
14092,3
14093,1
14094,1
14095,4
14096,2
14097,2
14098,3
14099,4
14100,3
14101,3
14102,2
14103,2
14104,4
14105,3
14106,3
14107,3
14108,1
14109,4
14110,2
14111,3
14112,4
14113,2
14114,2
14115,2
14116,2
14117,2
14118,4
14119,1
14120,4
14121,4
14122,2
14123,2
14124,4
14125,1
14126,4
14127,3
14128,4
14129,2
14130,4
14131,3
14132,2
14133,4
14134,4
14135,4
14136,4
14137,2
14138,2
14139,3
14140,2
14141,4
14142,4
14143,4
14144,1
14145,3
14146,2
14147,3
14148,3
14149,2
14150,2
14151,4
14152,2
14153,2
14154,3
14155,2
14156,3
14157,2
14158,2
14159,2
14160,3
14161,2
14162,4
14163,2
14164,4
14165,2
14166,2
14167,2
14168,4
14169,4
14170,2
14171,1
14172,3
14173,2
14174,4
14175,4
14176,2
14177,2
14178,2
14179,4
14180,4
14181,2
14182,2
14183,2
14184,3
14185,3
14186,2
14187,3
14188,3
14189,3
14190,3
14191,1
14192,3
14193,4
14194,2
14195,3
14196,3
14197,4
14198,4
14199,2
14200,2
14201,4
14202,3
14203,2
14204,4
14205,4
14206,4
14207,2
14208,3
14209,4
14210,1
14211,2
14212,3
14213,4
14214,2
14215,3
14216,2
14217,2
14218,4
14219,3
14220,4
14221,2
14222,4
14223,2
14224,2
14225,2
14226,3
14227,2
14228,3
14229,4
14230,3
14231,3
14232,4
14233,1
14234,4
14235,4
14236,2
14237,4
14238,3
14239,3
14240,4
14241,1
14242,3
14243,4
14244,3
14245,2
14246,1
14247,1
14248,2
14249,3
14250,2
14251,4
14252,3
14253,4
14254,1
14255,4
14256,3
14257,4
14258,3
14259,2
14260,4
14261,3
14262,2
14263,3
14264,3
14265,4
14266,1
14267,3
14268,3
14269,3
14270,3
14271,3
14272,3
14273,2
14274,3
14275,3
14276,3
14277,2
14278,1
14279,2
14280,1
14281,2
14282,2
14283,3
14284,4
14285,2
14286,2
14287,4
14288,3
14289,3
14290,3
14291,3
14292,3
14293,2
14294,4
14295,4
14296,4
14297,3
14298,2
14299,3
14300,2
14301,4
14302,3
14303,1
14304,4
14305,2
14306,2
14307,2
14308,2
14309,4
14310,3
14311,1
14312,3
14313,1
14314,2
14315,2
14316,3
14317,3
14318,1
14319,3
14320,3
14321,3
14322,3
14323,2
14324,3
14325,1
14326,3
14327,2
14328,4
14329,3
14330,3
14331,2
14332,1
14333,2
14334,2
14335,2
14336,3
14337,4
14338,2
14339,4
14340,2
14341,2
14342,2
14343,2
14344,3
14345,2
14346,4
14347,2
14348,4
14349,4
14350,2
14351,2
14352,4
14353,3
14354,3
14355,3
14356,3
14357,1
14358,2
14359,2
14360,4
14361,4
14362,2
14363,1
14364,1
14365,2
14366,2
14367,2
14368,2
14369,3
14370,3
14371,3
14372,4
14373,2
14374,2
14375,3
14376,2
14377,4
14378,2
14379,4
14380,3
14381,2
14382,3
14383,3
14384,2
14385,4
14386,4
14387,3
14388,2
14389,4
14390,4
14391,2
14392,3
14393,4
14394,2
14395,3
14396,2
14397,4
14398,3
14399,4
14400,3
14401,4
14402,4
14403,4
14404,3
14405,3
14406,2
14407,4
14408,4
14409,3
14410,4
14411,2
14412,2
14413,3
14414,3
14415,4
14416,1
14417,3
14418,2
14419,4
14420,1
14421,2
14422,1
14423,2
14424,2
14425,2
14426,3
14427,4
14428,3
14429,2
14430,3
14431,2
14432,2
14433,4
14434,2
14435,3
14436,2
14437,3
14438,4
14439,3
14440,2
14441,3
14442,1
14443,4
14444,4
14445,2
14446,4
14447,2
14448,4
14449,1
14450,3
14451,2
14452,2
14453,2
14454,3
14455,3
14456,1
14457,3
14458,4
14459,4
14460,4
14461,2
14462,4
14463,2
14464,3
14465,2
14466,4
14467,3
14468,1
14469,3
14470,2
14471,2
14472,3
14473,2
14474,4
14475,3
14476,3
14477,2
14478,4
14479,3
14480,2
14481,2
14482,2
14483,3
14484,3
14485,3
14486,3
14487,3
14488,4
14489,4
14490,4
14491,4
14492,4
14493,3
14494,4
14495,2
14496,2
14497,3
14498,3
14499,2
14500,4
14501,4
14502,4
14503,4
14504,4
14505,2
14506,1
14507,4
14508,4
14509,3
14510,3
14511,3
14512,2
14513,1
14514,4
14515,3
14516,1
14517,4
14518,4
14519,4
14520,3
14521,2
14522,1
14523,2
14524,3
14525,1
14526,1
14527,2
14528,3
14529,2
14530,3
14531,1
14532,2
14533,3
14534,2
14535,2
14536,4
14537,2
14538,1
14539,4
14540,3
14541,4
14542,2
14543,2
14544,1
14545,2
14546,4
14547,2
14548,2
14549,1
14550,2
14551,1
14552,2
14553,2
14554,3
14555,4
14556,3
14557,4
14558,4
14559,3
14560,3
14561,3
14562,2
14563,4
14564,2
14565,2
14566,4
14567,1
14568,4
14569,1
14570,3
14571,3
14572,2
14573,4
14574,3
14575,3
14576,3
14577,1
14578,4
14579,2
14580,2
14581,4
14582,3
14583,3
14584,3
14585,1
14586,4
14587,4
14588,4
14589,3
14590,4
14591,2
14592,3
14593,3
14594,3
14595,4
14596,3
14597,2
14598,4
14599,4
14600,3
14601,3
14602,3
14603,3
14604,2
14605,4
14606,1
14607,1
14608,2
14609,2
14610,4
14611,3
14612,4
14613,3
14614,2
14615,4
14616,2
14617,3
14618,2
14619,2
14620,4
14621,2
14622,2
14623,3
14624,4
14625,4
14626,2
14627,2
14628,2
14629,1
14630,4
14631,2
14632,2
14633,2
14634,4
14635,1
14636,3
14637,2
14638,3
14639,3
14640,2
14641,1
14642,1
14643,3
14644,3
14645,2
14646,4
14647,3
14648,2
14649,4
14650,3
14651,2
14652,4
14653,4
14654,2
14655,1
14656,2
14657,2
14658,3
14659,2
14660,4
14661,2
14662,2
14663,3
14664,2
14665,2
14666,2
14667,3
14668,4
14669,2
14670,4
14671,3
14672,1
14673,3
14674,1
14675,2
14676,2
14677,4
14678,4
14679,3
14680,4
14681,2
14682,3
14683,2
14684,2
14685,4
14686,4
14687,4
14688,4
14689,4
14690,4
14691,4
14692,2
14693,2
14694,2
14695,3
14696,2
14697,4
14698,2
14699,4
14700,2
14701,3
14702,4
14703,4
14704,3
14705,1
14706,3
14707,4
14708,2
14709,4
14710,3
14711,4
14712,2
14713,4
14714,4
14715,4
14716,2
14717,4
14718,2
14719,4
14720,2
14721,3
14722,4
14723,3
14724,2
14725,2
14726,2
14727,2
14728,4
14729,3
14730,4
14731,1
14732,2
14733,4
14734,2
14735,3
14736,2
14737,2
14738,4
14739,4
14740,4
14741,2
14742,2
14743,2
14744,3
14745,4
14746,4
14747,4
14748,2
14749,2
14750,3
14751,1
14752,3
14753,4
14754,4
14755,3
14756,1
14757,4
14758,3
14759,2
14760,2
14761,2
14762,4
14763,4
14764,2
14765,2
14766,3
14767,1
14768,2
14769,1
14770,3
14771,2
14772,4
14773,2
14774,2
14775,1
14776,1
14777,4
14778,3
14779,3
14780,3
14781,3
14782,4
14783,2
14784,2
14785,3
14786,4
14787,3
14788,4
14789,2
14790,1
14791,4
14792,3
14793,4
14794,4
14795,4
14796,3
14797,4
14798,2
14799,4
14800,2
14801,4
14802,2
14803,2
14804,4
14805,3
14806,3
14807,3
14808,3
14809,3
14810,4
14811,2
14812,4
14813,3
14814,4
14815,3
14816,4
14817,4
14818,1
14819,4
14820,4
14821,4
14822,3
14823,1
14824,2
14825,2
14826,4
14827,4
14828,2
14829,3
14830,4
14831,2
14832,2
14833,3
14834,4
14835,4
14836,1
14837,2
14838,4
14839,4
14840,3
14841,2
14842,4
14843,3
14844,2
14845,2
14846,2
14847,2
14848,2
14849,2
14850,2
14851,2
14852,2
14853,3
14854,2
14855,2
14856,1
14857,4
14858,2
14859,2
14860,2
14861,3
14862,2
14863,2
14864,2
14865,4
14866,4
14867,4
14868,3
14869,3
14870,4
14871,4
14872,2
14873,2
14874,4
14875,4
14876,3
14877,3
14878,2
14879,4
14880,4
14881,2
14882,3
14883,2
14884,3
14885,2
14886,3
14887,2
14888,2
14889,2
14890,2
14891,4
14892,4
14893,1
14894,4
14895,3
14896,2
14897,4
14898,4
14899,3
14900,4
14901,2
14902,2
14903,4
14904,3
14905,4
14906,4
14907,2
14908,3
14909,4
14910,2
14911,2
14912,4
14913,2
14914,3
14915,3
14916,4
14917,2
14918,3
14919,4
14920,3
14921,4
14922,2
14923,3
14924,3
14925,3
14926,2
14927,1
14928,4
14929,4
14930,2
14931,3
14932,3
14933,4
14934,4
14935,4
14936,2
14937,4
14938,3
14939,3
14940,4
14941,2
14942,4
14943,2
14944,3
14945,3
14946,3
14947,2
14948,2
14949,2
14950,2
14951,2
14952,4
14953,2
14954,3
14955,2
14956,3
14957,2
14958,2
14959,2
14960,2
14961,3
14962,4
14963,2
14964,4
14965,4
14966,2
14967,3
14968,4
14969,2
14970,3
14971,3
14972,2
14973,4
14974,3
14975,2
14976,2
14977,1
14978,3
14979,2
14980,3
14981,3
14982,2
14983,4
14984,3
14985,2
14986,3
14987,3
14988,3
14989,1
14990,2
14991,2
14992,2
14993,3
14994,3
14995,2
14996,3
14997,2
14998,1
14999,4
15000,1
15001,1
15002,2
15003,2
15004,4
15005,4
15006,2
15007,3
15008,4
15009,3
15010,3
15011,2
15012,2
15013,3
15014,4
15015,4
15016,3
15017,2
15018,2
15019,4
15020,3
15021,4
15022,4
15023,2
15024,3
15025,3
15026,2
15027,2
15028,2
15029,2
15030,4
15031,4
15032,1
15033,2
15034,2
15035,4
15036,2
15037,3
15038,3
15039,4
15040,3
15041,1
15042,3
15043,2
15044,2
15045,4
15046,4
15047,3
15048,3
15049,2
15050,4
15051,4
15052,2
15053,3
15054,3
15055,3
15056,4
15057,3
15058,3
15059,3
15060,2
15061,4
15062,2
15063,3
15064,3
15065,2
15066,1
15067,1
15068,1
15069,2
15070,2
15071,2
15072,4
15073,2
15074,2
15075,2
15076,2
15077,2
15078,4
15079,3
15080,1
15081,2
15082,4
15083,4
15084,4
15085,3
15086,4
15087,1
15088,3
15089,1
15090,3
15091,2
15092,1
15093,2
15094,3
15095,3
15096,2
15097,3
15098,4
15099,2
15100,4
15101,1
15102,2
15103,2
15104,3
15105,4
15106,1
15107,3
15108,2
15109,3
15110,2
15111,3
15112,2
15113,4
15114,2
15115,2
15116,3
15117,2
15118,4
15119,2
15120,3
15121,2
15122,4
15123,3
15124,3
15125,2
15126,4
15127,4
15128,3
15129,4
15130,2
15131,3
15132,3
15133,2
15134,3
15135,2
15136,3
15137,4
15138,1
15139,2
15140,3
15141,4
15142,2
15143,2
15144,2
15145,4
15146,2
15147,3
15148,2
15149,2
15150,4
15151,3
15152,4
15153,4
15154,2
15155,3
15156,2
15157,1
15158,2
15159,3
15160,2
15161,4
15162,4
15163,1
15164,1
15165,4
15166,3
15167,4
15168,2
15169,3
15170,3
15171,2
15172,2
15173,1
15174,4
15175,1
15176,3
15177,2
15178,3
15179,2
15180,2
15181,3
15182,3
15183,2
15184,2
15185,2
15186,1
15187,3
15188,2
15189,4
15190,1
15191,1
15192,3
15193,2
15194,3
15195,4
15196,2
15197,3
15198,4
15199,3
15200,2
15201,2
15202,3
15203,3
15204,2
15205,4
15206,4
15207,4
15208,2
15209,4
15210,4
15211,3
15212,2
15213,2
15214,2
15215,3
15216,2
15217,3
15218,2
15219,2
15220,3
15221,3
15222,2
15223,4
15224,3
15225,3
15226,3
15227,3
15228,3
15229,4
15230,2
15231,4
15232,4
15233,2
15234,4
15235,4
15236,3
15237,1
15238,2
15239,4
15240,1
15241,4
15242,3
15243,2
15244,2
15245,4
15246,3
15247,4
15248,4
15249,3
15250,1
15251,2
15252,2
15253,3
15254,4
15255,1
15256,2
15257,3
15258,1
15259,2
15260,2
15261,2
15262,3
15263,4
15264,4
15265,4
15266,4
15267,4
15268,4
15269,2
15270,4
15271,3
15272,2
15273,4
15274,3
15275,2
15276,4
15277,2
15278,4
15279,3
15280,3
15281,2
15282,2
15283,2
15284,3
15285,2
15286,1
15287,2
15288,2
15289,2
15290,2
15291,2
15292,2
15293,3
15294,2
15295,2
15296,4
15297,3
15298,1
15299,2
15300,2
15301,4
15302,4
15303,3
15304,4
15305,3
15306,3
15307,3
15308,2
15309,1
15310,4
15311,2
15312,1
15313,4
15314,2
15315,2
15316,2
15317,4
15318,4
15319,4
15320,2
15321,4
15322,4
15323,3
15324,4
15325,4
15326,3
15327,3
15328,2
15329,2
15330,1
15331,3
15332,2
15333,3
15334,1
15335,2
15336,3
15337,2
15338,3
15339,2
15340,2
15341,3
15342,3
15343,1
15344,4
15345,1
15346,3
15347,3
15348,4
15349,4
15350,4
15351,3
15352,4
15353,1
15354,4
15355,4
15356,3
15357,2
15358,1
15359,2
15360,4
15361,2
15362,1
15363,3
15364,3
15365,2
15366,4
15367,4
15368,4
15369,2
15370,3
15371,3
15372,4
15373,4
15374,4
15375,1
15376,2
15377,2
15378,3
15379,2
15380,2
15381,4
15382,2
15383,2
15384,4
15385,4
15386,2
15387,4
15388,3
15389,3
15390,3
15391,1
15392,3
15393,4
15394,2
15395,4
15396,4
15397,3
15398,4
15399,4
15400,3
15401,2
15402,2
15403,4
15404,3
15405,4
15406,4
15407,4
15408,3
15409,3
15410,2
15411,2
15412,3
15413,4
15414,4
15415,1
15416,1
15417,3
15418,4
15419,2
15420,2
15421,3
15422,4
15423,2
15424,3
15425,1
15426,1
15427,3
15428,3
15429,4
15430,2
15431,2
15432,3
15433,2
15434,2
15435,1
15436,2
15437,2
15438,4
15439,1
15440,4
15441,4
15442,4
15443,3
15444,3
15445,4
15446,2
15447,4
15448,3
15449,3
15450,1
15451,3
15452,4
15453,4
15454,4
15455,3
15456,4
15457,3
15458,3
15459,2
15460,2
15461,4
15462,3
15463,4
15464,1
15465,4
15466,2
15467,4
15468,2
15469,1
15470,4
15471,3
15472,2
15473,3
15474,3
15475,4
15476,4
15477,3
15478,2
15479,3
15480,2
15481,4
15482,3
15483,4
15484,4
15485,4
15486,2
15487,2
15488,1
15489,4
15490,2
15491,4
15492,4
15493,2
15494,2
15495,4
15496,2
15497,3
15498,3
15499,2
15500,4
15501,4
15502,1
15503,3
15504,1
15505,3
15506,2
15507,4
15508,1
15509,2
15510,3
15511,4
15512,4
15513,3
15514,4
15515,3
15516,2
15517,2
15518,3
15519,2
15520,4
15521,4
15522,4
15523,2
15524,4
15525,4
15526,4
15527,3
15528,2
15529,2
15530,2
15531,4
15532,2
15533,3
15534,3
15535,3
15536,2
15537,4
15538,4
15539,3
15540,3
15541,4
15542,2
15543,3
15544,3
15545,1
15546,4
15547,2
15548,4
15549,2
15550,3
15551,4
15552,4
15553,4
15554,3
15555,1
15556,1
15557,4
15558,4
15559,2
15560,4
15561,1
15562,2
15563,2
15564,3
15565,4
15566,2
15567,1
15568,4
15569,4
15570,1
15571,2
15572,3
15573,3
15574,3
15575,3
15576,2
15577,2
15578,2
15579,4
15580,3
15581,3
15582,2
15583,2
15584,4
15585,2
15586,3
15587,2
15588,4
15589,3
15590,3
15591,3
15592,3
15593,3
15594,1
15595,3
15596,3
15597,3
15598,4
15599,2
15600,4
15601,2
15602,2
15603,2
15604,3
15605,4
15606,3
15607,2
15608,2
15609,2
15610,1
15611,4
15612,4
15613,4
15614,3
15615,3
15616,3
15617,4
15618,2
15619,3
15620,3
15621,3
15622,3
15623,4
15624,3
15625,4
15626,3
15627,3
15628,4
15629,2
15630,2
15631,3
15632,4
15633,2
15634,2
15635,2
15636,1
15637,3
15638,4
15639,4
15640,4
15641,4
15642,3
15643,4
15644,2
15645,3
15646,3
15647,4
15648,3
15649,1
15650,2
15651,2
15652,4
15653,3
15654,3
15655,2
15656,4
15657,2
15658,2
15659,4
15660,2
15661,4
15662,2
15663,4
15664,4
15665,3
15666,2
15667,2
15668,2
15669,2
15670,3
15671,3
15672,4
15673,4
15674,2
15675,2
15676,2
15677,4
15678,4
15679,4
15680,2
15681,3
15682,3
15683,2
15684,3
15685,4
15686,2
15687,2
15688,2
15689,2
15690,4
15691,2
15692,1
15693,2
15694,3
15695,2
15696,3
15697,3
15698,3
15699,4
15700,3
15701,3
15702,4
15703,4
15704,4
15705,3
15706,4
15707,3
15708,2
15709,2
15710,3
15711,2
15712,3
15713,2
15714,3
15715,2
15716,2
15717,3
15718,1
15719,3
15720,3
15721,2
15722,2
15723,2
15724,2
15725,4
15726,1
15727,2
15728,1
15729,3
15730,4
15731,3
15732,4
15733,3
15734,3
15735,4
15736,2
15737,3
15738,4
15739,2
15740,4
15741,2
15742,2
15743,2
15744,2
15745,3
15746,2
15747,2
15748,2
15749,2
15750,4
15751,2
15752,4
15753,4
15754,2
15755,2
15756,4
15757,3
15758,2
15759,3
15760,3
15761,4
15762,3
15763,3
15764,2
15765,4
15766,3
15767,2
15768,4
15769,4
15770,4
15771,2
15772,3
15773,3
15774,3
15775,4
15776,2
15777,3
15778,2
15779,4
15780,3
15781,2
15782,2
15783,2
15784,2
15785,3
15786,4
15787,4
15788,1
15789,3
15790,3
15791,2
15792,3
15793,2
15794,2
15795,4
15796,1
15797,4
15798,2
15799,2
15800,2
15801,4
15802,2
15803,4
15804,2
15805,4
15806,4
15807,2
15808,3
15809,4
15810,2
15811,4
15812,2
15813,4
15814,3
15815,4
15816,3
15817,2
15818,3
15819,4
15820,1
15821,4
15822,2
15823,2
15824,4
15825,4
15826,4
15827,3
15828,2
15829,2
15830,3
15831,1
15832,3
15833,3
15834,3
15835,1
15836,2
15837,2
15838,2
15839,2
15840,3
15841,4
15842,2
15843,3
15844,1
15845,4
15846,2
15847,4
15848,3
15849,2
15850,4
15851,2
15852,4
15853,2
15854,2
15855,2
15856,4
15857,2
15858,2
15859,4
15860,3
15861,3
15862,4
15863,3
15864,3
15865,2
15866,2
15867,4
15868,2
15869,2
15870,4
15871,2
15872,3
15873,3
15874,4
15875,3
15876,4
15877,4
15878,3
15879,4
15880,4
15881,4
15882,2
15883,3
15884,2
15885,4
15886,4
15887,3
15888,4
15889,4
15890,2
15891,3
15892,2
15893,4
15894,1
15895,3
15896,2
15897,1
15898,2
15899,3
15900,4
15901,3
15902,4
15903,4
15904,2
15905,2
15906,2
15907,3
15908,1
15909,3
15910,4
15911,1
15912,3
15913,3
15914,3
15915,2
15916,4
15917,2
15918,3
15919,1
15920,4
15921,2
15922,3
15923,2
15924,1
15925,2
15926,3
15927,2
15928,4
15929,2
15930,1
15931,4
15932,2
15933,4
15934,2
15935,2
15936,2
15937,2
15938,2
15939,4
15940,4
15941,1
15942,4
15943,3
15944,4
15945,2
15946,4
15947,3
15948,4
15949,4
15950,3
15951,2
15952,1
15953,2
15954,2
15955,3
15956,3
15957,3
15958,3
15959,4
15960,4
15961,3
15962,1
15963,2
15964,4
15965,3
15966,3
15967,4
15968,3
15969,3
15970,3
15971,4
15972,4
15973,3
15974,1
15975,4
15976,3
15977,2
15978,4
15979,4
15980,3
15981,2
15982,4
15983,3
15984,2
15985,2
15986,2
15987,3
15988,2
15989,2
15990,2
15991,2
15992,3
15993,4
15994,4
15995,2
15996,4
15997,4
15998,3
15999,2
16000,2
16001,4
16002,2
16003,4
16004,4
16005,2
16006,4
16007,1
16008,3
16009,4
16010,3
16011,3
16012,2
16013,3
16014,4
16015,3
16016,4
16017,2
16018,3
16019,2
16020,3
16021,4
16022,3
16023,3
16024,3
16025,4
16026,2
16027,3
16028,1
16029,3
16030,1
16031,4
16032,2
16033,3
16034,2
16035,4
16036,2
16037,3
16038,2
16039,4
16040,3
16041,2
16042,2
16043,4
16044,2
16045,4
16046,3
16047,2
16048,4
16049,2
16050,4
16051,4
16052,2
16053,2
16054,4
16055,4
16056,4
16057,4
16058,2
16059,2
16060,2
16061,2
16062,3
16063,3
16064,3
16065,3
16066,4
16067,3
16068,3
16069,2
16070,2
16071,3
16072,4
16073,4
16074,4
16075,2
16076,3
16077,4
16078,3
16079,3
16080,3
16081,2
16082,2
16083,4
16084,3
16085,2
16086,3
16087,3
16088,3
16089,4
16090,1
16091,4
16092,2
16093,4
16094,2
16095,2
16096,4
16097,4
16098,3
16099,2
16100,3
16101,4
16102,4
16103,3
16104,1
16105,3
16106,3
16107,3
16108,2
16109,2
16110,4
16111,4
16112,3
16113,3
16114,2
16115,3
16116,4
16117,2
16118,4
16119,2
16120,4
16121,3
16122,2
16123,1
16124,3
16125,4
16126,3
16127,1
16128,3
16129,2
16130,2
16131,2
16132,2
16133,3
16134,2
16135,4
16136,4
16137,4
16138,3
16139,3
16140,1
16141,4
16142,2
16143,4
16144,1
16145,2
16146,2
16147,3
16148,1
16149,3
16150,3
16151,3
16152,4
16153,2
16154,3
16155,4
16156,3
16157,3
16158,3
16159,4
16160,2
16161,3
16162,4
16163,2
16164,2
16165,1
16166,3
16167,2
16168,4
16169,4
16170,2
16171,2
16172,4
16173,4
16174,2
16175,4
16176,3
16177,2
16178,4
16179,2
16180,2
16181,3
16182,3
16183,3
16184,3
16185,3
16186,3
16187,1
16188,3
16189,3
16190,2
16191,1
16192,2
16193,2
16194,3
16195,1
16196,4
16197,3
16198,3
16199,4
16200,2
16201,2
16202,3
16203,4
16204,2
16205,2
16206,3
16207,1
16208,2
16209,2
16210,2
16211,3
16212,2
16213,2
16214,2
16215,4
16216,3
16217,4
16218,4
16219,2
16220,4
16221,3
16222,2
16223,4
16224,4
16225,3
16226,2
16227,4
16228,2
16229,1
16230,4
16231,4
16232,2
16233,4
16234,3
16235,2
16236,2
16237,3
16238,2
16239,2
16240,3
16241,2
16242,2
16243,1
16244,3
16245,3
16246,4
16247,4
16248,4
16249,3
16250,3
16251,3
16252,2
16253,4
16254,3
16255,2
16256,2
16257,4
16258,4
16259,3
16260,2
16261,2
16262,2
16263,3
16264,3
16265,4
16266,4
16267,4
16268,3
16269,3
16270,1
16271,2
16272,4
16273,2
16274,3
16275,2
16276,4
16277,2
16278,3
16279,2
16280,2
16281,1
16282,2
16283,2
16284,3
16285,4
16286,2
16287,2
16288,4
16289,2
16290,3
16291,2
16292,3
16293,3
16294,4
16295,1
16296,2
16297,2
16298,2
16299,2
16300,3
16301,3
16302,2
16303,3
16304,3
16305,2
16306,4
16307,3
16308,3
16309,2
16310,4
16311,4
16312,3
16313,4
16314,3
16315,3
16316,4
16317,4
16318,3
16319,4
16320,1
16321,2
16322,2
16323,2
16324,2
16325,3
16326,3
16327,4
16328,4
16329,2
16330,1
16331,3
16332,4
16333,2
16334,2
16335,2
16336,1
16337,4
16338,3
16339,3
16340,2
16341,2
16342,4
16343,3
16344,2
16345,3
16346,3
16347,3
16348,4
16349,2
16350,4
16351,4
16352,3
16353,2
16354,3
16355,1
16356,3
16357,4
16358,4
16359,3
16360,2
16361,2
16362,2
16363,2
16364,3
16365,2
16366,2
16367,3
16368,1
16369,3
16370,2
16371,4
16372,4
16373,3
16374,4
16375,2
16376,3
16377,4
16378,2
16379,4
16380,2
16381,4
16382,3
16383,2
16384,2
16385,2
16386,2
16387,2
16388,3
16389,4
16390,3
16391,2
16392,4
16393,2
16394,4
16395,4
16396,2
16397,2
16398,4
16399,2
16400,4
16401,2
16402,2
16403,4
16404,3
16405,3
16406,2
16407,4
16408,4
16409,4
16410,4
16411,2
16412,1
16413,3
16414,2
16415,4
16416,4
16417,4
16418,1
16419,2
16420,2
16421,4
16422,3
16423,2
16424,2
16425,4
16426,4
16427,4
16428,2
16429,2
16430,3
16431,2
16432,1
16433,4
16434,2
16435,2
16436,1
16437,1
16438,4
16439,4
16440,4
16441,4
16442,3
16443,2
16444,2
16445,4
16446,2
16447,2
16448,3
16449,2
16450,2
16451,4
16452,4
16453,1
16454,4
16455,2
16456,3
16457,3
16458,1
16459,4
16460,2
16461,2
16462,2
16463,4
16464,2
16465,2
16466,3
16467,2
16468,2
16469,2
16470,4
16471,3
16472,2
16473,3
16474,2
16475,3
16476,3
16477,2
16478,3
16479,3
16480,2
16481,1
16482,2
16483,3
16484,4
16485,4
16486,2
16487,3
16488,3
16489,1
16490,4
16491,2
16492,3
16493,3
16494,4
16495,4
16496,4
16497,3
16498,3
16499,4
16500,4
16501,2
16502,2
16503,3
16504,4
16505,4
16506,4
16507,3
16508,3
16509,2
16510,4
16511,3
16512,3
16513,2
16514,2
16515,2
16516,2
16517,2
16518,2
16519,1
16520,4
16521,4
16522,3
16523,2
16524,2
16525,3
16526,1
16527,4
16528,3
16529,4
16530,2
16531,1
16532,2
16533,3
16534,2
16535,2
16536,4
16537,4
16538,4
16539,3
16540,4
16541,3
16542,4
16543,2
16544,4
16545,2
16546,4
16547,2
16548,1
16549,2
16550,2
16551,3
16552,3
16553,2
16554,1
16555,1
16556,3
16557,4
16558,2
16559,2
16560,4
16561,4
16562,3
16563,4
16564,2
16565,2
16566,3
16567,4
16568,2
16569,4
16570,3
16571,2
16572,2
16573,3
16574,4
16575,4
16576,4
16577,2
16578,4
16579,3
16580,1
16581,3
16582,3
16583,4
16584,3
16585,4
16586,2
16587,2
16588,4
16589,4
16590,4
16591,4
16592,4
16593,3
16594,3
16595,3
16596,4
16597,4
16598,4
16599,2
16600,2
16601,2
16602,2
16603,3
16604,4
16605,4
16606,3
16607,3
16608,4
16609,4
16610,3
16611,2
16612,2
16613,4
16614,3
16615,3
16616,1
16617,4
16618,3
16619,2
16620,3
16621,4
16622,4
16623,3
16624,2
16625,4
16626,3
16627,3
16628,2
16629,2
16630,2
16631,2
16632,2
16633,4
16634,3
16635,4
16636,2
16637,4
16638,3
16639,4
16640,4
16641,3
16642,2
16643,3
16644,2
16645,2
16646,4
16647,1
16648,3
16649,3
16650,3
16651,3
16652,3
16653,4
16654,2
16655,4
16656,2
16657,1
16658,3
16659,1
16660,2
16661,4
16662,3
16663,3
16664,3
16665,4
16666,1
16667,3
16668,4
16669,3
16670,4
16671,3
16672,2
16673,3
16674,3
16675,3
16676,4
16677,4
16678,2
16679,3
16680,4
16681,4
16682,3
16683,2
16684,2
16685,2
16686,4
16687,4
16688,3
16689,3
16690,3
16691,2
16692,4
16693,1
16694,3
16695,4
16696,4
16697,3
16698,2
16699,3
16700,4
16701,2
16702,4
16703,4
16704,2
16705,3
16706,3
16707,2
16708,2
16709,3
16710,4
16711,4
16712,2
16713,1
16714,4
16715,2
16716,4
16717,4
16718,3
16719,2
16720,4
16721,2
16722,2
16723,4
16724,3
16725,3
16726,3
16727,2
16728,4
16729,3
16730,2
16731,4
16732,1
16733,4
16734,2
16735,3
16736,4
16737,2
16738,2
16739,1
16740,4
16741,2
16742,2
16743,1
16744,2
16745,4
16746,4
16747,2
16748,4
16749,2
16750,4
16751,3
16752,1
16753,3
16754,2
16755,2
16756,4
16757,3
16758,2
16759,2
16760,2
16761,2
16762,3
16763,3
16764,2
16765,4
16766,1
16767,4
16768,3
16769,4
16770,3
16771,2
16772,2
16773,2
16774,2
16775,2
16776,2
16777,4
16778,2
16779,2
16780,2
16781,4
16782,4
16783,4
16784,2
16785,2
16786,2
16787,4
16788,3
16789,2
16790,4
16791,3
16792,4
16793,2
16794,4
16795,4
16796,1
16797,2
16798,4
16799,1
16800,2
16801,2
16802,2
16803,4
16804,4
16805,1
16806,2
16807,4
16808,1
16809,1
16810,1
16811,4
16812,4
16813,4
16814,3
16815,4
16816,3
16817,4
16818,4
16819,2
16820,4
16821,4
16822,2
16823,2
16824,4
16825,1
16826,4
16827,4
16828,3
16829,4
16830,2
16831,3
16832,4
16833,1
16834,3
16835,1
16836,1
16837,4
16838,2
16839,1
16840,3
16841,4
16842,2
16843,3
16844,4
16845,4
16846,3
16847,3
16848,4
16849,2
16850,2
16851,2
16852,3
16853,2
16854,1
16855,2
16856,2
16857,3
16858,2
16859,4
16860,2
16861,4
16862,4
16863,2
16864,2
16865,3
16866,3
16867,4
16868,4
16869,4
16870,1
16871,2
16872,4
16873,3
16874,4
16875,2
16876,2
16877,2
16878,2
16879,2
16880,2
16881,4
16882,4
16883,2
16884,4
16885,2
16886,3
16887,3
16888,2
16889,4
16890,4
16891,4
16892,3
16893,3
16894,2
16895,1
16896,3
16897,4
16898,4
16899,3
16900,4
16901,3
16902,3
16903,2
16904,3
16905,3
16906,4
16907,3
16908,3
16909,1
16910,3
16911,1
16912,3
16913,3
16914,1
16915,3
16916,4
16917,4
16918,4
16919,4
16920,4
16921,4
16922,4
16923,3
16924,3
16925,1
16926,1
16927,4
16928,2
16929,3
16930,2
16931,2
16932,3
16933,2
16934,2
16935,3
16936,3
16937,4
16938,2
16939,2
16940,3
16941,4
16942,3
16943,2
16944,4
16945,3
16946,2
16947,2
16948,4
16949,4
16950,2
16951,3
16952,4
16953,4
16954,4
16955,3
16956,3
16957,3
16958,2
16959,3
16960,1
16961,3
16962,2
16963,3
16964,2
16965,1
16966,4
16967,2
16968,4
16969,2
16970,2
16971,1
16972,2
16973,3
16974,2
16975,2
16976,2
16977,4
16978,2
16979,2
16980,3
16981,1
16982,1
16983,2
16984,4
16985,2
16986,2
16987,4
16988,3
16989,2
16990,2
16991,2
16992,4
16993,4
16994,4
16995,3
16996,2
16997,4
16998,2
16999,4
17000,2
17001,4
17002,4
17003,2
17004,4
17005,3
17006,3
17007,4
17008,2
17009,4
17010,4
17011,3
17012,4
17013,3
17014,2
17015,4
17016,4
17017,3
17018,2
17019,2
17020,2
17021,2
17022,4
17023,2
17024,2
17025,2
17026,4
17027,3
17028,2
17029,3
17030,3
17031,3
17032,2
17033,3
17034,4
17035,4
17036,4
17037,4
17038,2
17039,2
17040,1
17041,3
17042,2
17043,2
17044,3
17045,2
17046,2
17047,2
17048,3
17049,3
17050,4
17051,2
17052,1
17053,2
17054,4
17055,3
17056,2
17057,2
17058,3
17059,3
17060,4
17061,4
17062,4
17063,4
17064,1
17065,4
17066,4
17067,4
17068,4
17069,4
17070,4
17071,1
17072,4
17073,3
17074,3
17075,1
17076,2
17077,1
17078,2
17079,3
17080,1
17081,4
17082,3
17083,3
17084,2
17085,2
17086,2
17087,2
17088,2
17089,4
17090,2
17091,2
17092,1
17093,4
17094,1
17095,2
17096,3
17097,4
17098,2
17099,3
17100,4
17101,4
17102,1
17103,1
17104,2
17105,2
17106,3
17107,3
17108,2
17109,2
17110,3
17111,4
17112,1
17113,3
17114,2
17115,3
17116,2
17117,3
17118,1
17119,4
17120,4
17121,1
17122,4
17123,2
17124,1
17125,2
17126,3
17127,3
17128,3
17129,3
17130,4
17131,3
17132,4
17133,4
17134,3
17135,4
17136,3
17137,2
17138,3
17139,2
17140,3
17141,4
17142,4
17143,3
17144,4
17145,2
17146,2
17147,4
17148,4
17149,2
17150,3
17151,3
17152,4
17153,4
17154,4
17155,4
17156,4
17157,2
17158,3
17159,4
17160,4
17161,4
17162,3
17163,4
17164,3
17165,4
17166,2
17167,4
17168,4
17169,3
17170,3
17171,3
17172,1
17173,2
17174,3
17175,4
17176,4
17177,3
17178,3
17179,1
17180,3
17181,3
17182,4
17183,3
17184,2
17185,3
17186,2
17187,2
17188,4
17189,2
17190,3
17191,3
17192,3
17193,1
17194,3
17195,3
17196,4
17197,2
17198,2
17199,4
17200,2
17201,4
17202,4
17203,2
17204,2
17205,3
17206,4
17207,1
17208,3
17209,2
17210,3
17211,2
17212,4
17213,3
17214,3
17215,4
17216,2
17217,1
17218,4
17219,2
17220,4
17221,4
17222,4
17223,3
17224,3
17225,3
17226,3
17227,2
17228,3
17229,3
17230,4
17231,4
17232,3
17233,3
17234,3
17235,3
17236,4
17237,3
17238,2
17239,4
17240,3
17241,2
17242,4
17243,2
17244,4
17245,2
17246,3
17247,4
17248,3
17249,3
17250,3
17251,3
17252,4
17253,3
17254,4
17255,2
17256,2
17257,1
17258,2
17259,1
17260,2
17261,2
17262,2
17263,2
17264,2
17265,1
17266,1
17267,3
17268,3
17269,3
17270,2
17271,3
17272,1
17273,2
17274,4
17275,3
17276,3
17277,3
17278,1
17279,2
17280,1
17281,2
17282,4
17283,4
17284,2
17285,2
17286,2
17287,3
17288,3
17289,4
17290,3
17291,3
17292,4
17293,3
17294,4
17295,4
17296,2
17297,4
17298,4
17299,2
17300,3
17301,4
17302,4
17303,3
17304,4
17305,3
17306,4
17307,4
17308,1
17309,2
17310,3
17311,4
17312,2
17313,2
17314,3
17315,2
17316,3
17317,2
17318,3
17319,3
17320,4
17321,4
17322,4
17323,3
17324,2
17325,3
17326,4
17327,4
17328,3
17329,2
17330,3
17331,4
17332,3
17333,2
17334,4
17335,2
17336,4
17337,3
17338,3
17339,4
17340,3
17341,3
17342,3
17343,1
17344,1
17345,4
17346,2
17347,3
17348,2
17349,3
17350,3
17351,3
17352,3
17353,2
17354,3
17355,3
17356,2
17357,2
17358,4
17359,4
17360,4
17361,3
17362,4
17363,4
17364,1
17365,3
17366,1
17367,4
17368,4
17369,2
17370,2
17371,3
17372,4
17373,3
17374,3
17375,2
17376,3
17377,4
17378,2
17379,2
17380,3
17381,4
17382,2
17383,3
17384,3
17385,3
17386,3
17387,3
17388,2
17389,2
17390,1
17391,1
17392,3
17393,4
17394,4
17395,4
17396,1
17397,3
17398,2
17399,1
17400,2
17401,3
17402,2
17403,2
17404,2
17405,4
17406,3
17407,4
17408,4
17409,2
17410,2
17411,1
17412,1
17413,3
17414,2
17415,3
17416,2
17417,3
17418,4
17419,2
17420,3
17421,2
17422,4
17423,2
17424,3
17425,1
17426,3
17427,2
17428,4
17429,3
17430,4
17431,2
17432,4
17433,3
17434,2
17435,3
17436,4
17437,3
17438,4
17439,3
17440,4
17441,4
17442,3
17443,3
17444,3
17445,4
17446,3
17447,3
17448,2
17449,4
17450,4
17451,4
17452,3
17453,4
17454,4
17455,2
17456,3
17457,2
17458,2
17459,3
17460,2
17461,4
17462,3
17463,3
17464,3
17465,1
17466,4
17467,1
17468,2
17469,2
17470,3
17471,3
17472,2
17473,3
17474,1
17475,1
17476,4
17477,4
17478,4
17479,4
17480,3
17481,2
17482,4
17483,2
17484,4
17485,2
17486,2
17487,3
17488,4
17489,2
17490,2
17491,3
17492,4
17493,3
17494,1
17495,1
17496,4
17497,3
17498,4
17499,3
17500,4
17501,3
17502,4
17503,4
17504,2
17505,3
17506,3
17507,3
17508,1
17509,2
17510,1
17511,3
17512,3
17513,4
17514,4
17515,3
17516,2
17517,1
17518,4
17519,2
17520,4
17521,2
17522,3
17523,1
17524,4
17525,2
17526,2
17527,3
17528,3
17529,2
17530,4
17531,2
17532,2
17533,3
17534,3
17535,3
17536,3
17537,2
17538,4
17539,4
17540,2
17541,2
17542,4
17543,2
17544,2
17545,1
17546,4
17547,1
17548,4
17549,2
17550,3
17551,4
17552,3
17553,2
17554,2
17555,4
17556,3
17557,2
17558,3
17559,1
17560,3
17561,3
17562,2
17563,4
17564,4
17565,4
17566,3
17567,4
17568,3
17569,2
17570,4
17571,4
17572,3
17573,3
17574,3
17575,3
17576,3
17577,3
17578,4
17579,1
17580,4
17581,3
17582,2
17583,1
17584,4
17585,4
17586,3
17587,4
17588,2
17589,2
17590,3
17591,3
17592,2
17593,3
17594,1
17595,4
17596,4
17597,4
17598,3
17599,1
17600,2
17601,4
17602,4
17603,4
17604,2
17605,4
17606,2
17607,4
17608,2
17609,3
17610,4
17611,3
17612,4
17613,3
17614,2
17615,2
17616,3
17617,1
17618,4
17619,3
17620,3
17621,1
17622,1
17623,2
17624,2
17625,4
17626,4
17627,2
17628,4
17629,2
17630,1
17631,2
17632,2
17633,4
17634,4
17635,1
17636,1
17637,2
17638,4
17639,3
17640,1
17641,4
17642,4
17643,4
17644,1
17645,2
17646,2
17647,4
17648,3
17649,2
17650,3
17651,3
17652,2
17653,1
17654,3
17655,4
17656,3
17657,3
17658,3
17659,4
17660,2
17661,2
17662,3
17663,2
17664,4
17665,2
17666,4
17667,4
17668,2
17669,3
17670,2
17671,2
17672,2
17673,4
17674,2
17675,4
17676,4
17677,3
17678,3
17679,3
17680,2
17681,4
17682,3
17683,3
17684,4
17685,3
17686,4
17687,4
17688,2
17689,4
17690,3
17691,4
17692,3
17693,3
17694,2
17695,3
17696,3
17697,2
17698,3
17699,3
17700,3
17701,4
17702,4
17703,4
17704,4
17705,3
17706,3
17707,4
17708,4
17709,3
17710,2
17711,2
17712,3
17713,1
17714,4
17715,3
17716,2
17717,4
17718,3
17719,3
17720,2
17721,2
17722,2
17723,2
17724,2
17725,4
17726,4
17727,2
17728,4
17729,4
17730,2
17731,2
17732,4
17733,4
17734,1
17735,2
17736,3
17737,1
17738,4
17739,2
17740,2
17741,4
17742,2
17743,3
17744,4
17745,2
17746,2
17747,2
17748,3
17749,4
17750,3
17751,4
17752,2
17753,2
17754,4
17755,2
17756,4
17757,2
17758,3
17759,3
17760,4
17761,3
17762,4
17763,2
17764,2
17765,1
17766,4
17767,3
17768,3
17769,3
17770,1
17771,3
17772,2
17773,2
17774,4
17775,3
17776,3
17777,4
17778,4
17779,3
17780,2
17781,2
17782,2
17783,2
17784,4
17785,4
17786,2
17787,4
17788,2
17789,2
17790,3
17791,2
17792,2
17793,2
17794,3
17795,2
17796,2
17797,2
17798,3
17799,2
17800,4
17801,4
17802,2
17803,4
17804,1
17805,4
17806,1
17807,2
17808,4
17809,3
17810,1
17811,4
17812,3
17813,4
17814,2
17815,3
17816,4
17817,4
17818,2
17819,3
17820,3
17821,2
17822,4
17823,4
17824,4
17825,2
17826,2
17827,3
17828,4
17829,4
17830,3
17831,2
17832,2
17833,3
17834,2
17835,1
17836,2
17837,3
17838,4
17839,3
17840,2
17841,1
17842,2
17843,3
17844,2
17845,1
17846,3
17847,4
17848,2
17849,1
17850,1
17851,2
17852,1
17853,4
17854,3
17855,2
17856,4
17857,4
17858,2
17859,1
17860,3
17861,3
17862,2
17863,3
17864,2
17865,3
17866,4
17867,2
17868,3
17869,4
17870,2
17871,1
17872,3
17873,1
17874,3
17875,4
17876,3
17877,2
17878,4
17879,3
17880,4
17881,1
17882,4
17883,1
17884,2
17885,4
17886,2
17887,2
17888,2
17889,2
17890,3
17891,4
17892,2
17893,4
17894,2
17895,3
17896,3
17897,3
17898,2
17899,1
17900,3
17901,3
17902,2
17903,3
17904,3
17905,4
17906,3
17907,3
17908,4
17909,3
17910,3
17911,3
17912,2
17913,4
17914,2
17915,3
17916,3
17917,2
17918,2
17919,2
17920,4
17921,2
17922,4
17923,2
17924,4
17925,2
17926,1
17927,2
17928,3
17929,2
17930,2
17931,4
17932,3
17933,2
17934,2
17935,3
17936,3
17937,3
17938,2
17939,4
17940,4
17941,2
17942,2
17943,3
17944,4
17945,4
17946,2
17947,3
17948,4
17949,4
17950,2
17951,3
17952,1
17953,2
17954,1
17955,2
17956,4
17957,3
17958,4
17959,3
17960,2
17961,3
17962,4
17963,3
17964,3
17965,4
17966,2
17967,2
17968,3
17969,4
17970,2
17971,2
17972,4
17973,2
17974,2
17975,4
17976,1
17977,3
17978,4
17979,4
17980,3
17981,3
17982,4
17983,2
17984,3
17985,4
17986,1
17987,2
17988,2
17989,2
17990,2
17991,4
17992,4
17993,2
17994,3
17995,4
17996,3
17997,1
17998,3
17999,1
18000,2
18001,4
18002,2
18003,2
18004,2
18005,3
18006,4
18007,3
18008,3
18009,4
18010,3
18011,3
18012,3
18013,3
18014,2
18015,2
18016,2
18017,4
18018,2
18019,1
18020,2
18021,2
18022,4
18023,4
18024,4
18025,1
18026,3
18027,3
18028,2
18029,2
18030,3
18031,4
18032,4
18033,2
18034,4
18035,2
18036,2
18037,4
18038,2
18039,1
18040,1
18041,1
18042,1
18043,3
18044,4
18045,2
18046,4
18047,2
18048,3
18049,1
18050,3
18051,4
18052,2
18053,1
18054,3
18055,1
18056,4
18057,2
18058,4
18059,2
18060,3
18061,2
18062,3
18063,3
18064,4
18065,2
18066,3
18067,3
18068,1
18069,3
18070,3
18071,1
18072,4
18073,4
18074,3
18075,1
18076,2
18077,3
18078,2
18079,2
18080,3
18081,2
18082,2
18083,2
18084,4
18085,1
18086,4
18087,2
18088,4
18089,4
18090,4
18091,3
18092,3
18093,2
18094,2
18095,4
18096,3
18097,2
18098,2
18099,3
18100,3
18101,1
18102,4
18103,2
18104,3
18105,3
18106,1
18107,4
18108,3
18109,2
18110,3
18111,4
18112,3
18113,3
18114,4
18115,4
18116,3
18117,4
18118,2
18119,3
18120,3
18121,2
18122,3
18123,3
18124,2
18125,2
18126,3
18127,1
18128,2
18129,4
18130,2
18131,3
18132,2
18133,4
18134,4
18135,4
18136,2
18137,4
18138,3
18139,2
18140,2
18141,3
18142,3
18143,2
18144,3
18145,4
18146,4
18147,4
18148,3
18149,3
18150,2
18151,3
18152,4
18153,4
18154,4
18155,1
18156,4
18157,4
18158,3
18159,3
18160,2
18161,4
18162,1
18163,4
18164,4
18165,4
18166,2
18167,2
18168,4
18169,2
18170,3
18171,4
18172,4
18173,2
18174,4
18175,4
18176,4
18177,2
18178,3
18179,2
18180,3
18181,4
18182,4
18183,3
18184,1
18185,2
18186,3
18187,3
18188,3
18189,2
18190,3
18191,4
18192,4
18193,2
18194,2
18195,4
18196,1
18197,2
18198,1
18199,3
18200,2
18201,4
18202,4
18203,3
18204,4
18205,4
18206,4
18207,1
18208,2
18209,3
18210,3
18211,4
18212,3
18213,4
18214,3
18215,4
18216,3
18217,3
18218,2
18219,4
18220,2
18221,3
18222,1
18223,2
18224,1
18225,2
18226,4
18227,2
18228,2
18229,2
18230,2
18231,4
18232,2
18233,4
18234,4
18235,1
18236,4
18237,2
18238,3
18239,3
18240,3
18241,3
18242,1
18243,3
18244,3
18245,4
18246,2
18247,3
18248,2
18249,2
18250,1
18251,4
18252,2
18253,2
18254,2
18255,4
18256,3
18257,4
18258,2
18259,4
18260,4
18261,3
18262,3
18263,4
18264,2
18265,3
18266,3
18267,4
18268,3
18269,3
18270,2
18271,4
18272,3
18273,3
18274,4
18275,3
18276,2
18277,1
18278,2
18279,2
18280,4
18281,4
18282,3
18283,4
18284,3
18285,2
18286,4
18287,4
18288,3
18289,3
18290,3
18291,3
18292,2
18293,3
18294,3
18295,3
18296,4
18297,2
18298,2
18299,2
18300,4
18301,3
18302,1
18303,4
18304,2
18305,2
18306,3
18307,4
18308,4
18309,3
18310,2
18311,2
18312,4
18313,3
18314,3
18315,2
18316,2
18317,3
18318,2
18319,2
18320,3
18321,3
18322,4
18323,4
18324,3
18325,3
18326,3
18327,3
18328,3
18329,4
18330,4
18331,1
18332,3
18333,4
18334,2
18335,4
18336,2
18337,3
18338,2
18339,3
18340,4
18341,3
18342,3
18343,2
18344,2
18345,4
18346,4
18347,2
18348,3
18349,3
18350,2
18351,3
18352,2
18353,3
18354,4
18355,3
18356,3
18357,4
18358,2
18359,3
18360,4
18361,4
18362,2
18363,1
18364,3
18365,3
18366,2
18367,2
18368,3
18369,2
18370,3
18371,2
18372,3
18373,3
18374,4
18375,1
18376,4
18377,2
18378,3
18379,3
18380,2
18381,2
18382,2
18383,2
18384,4
18385,4
18386,4
18387,3
18388,2
18389,3
18390,3
18391,3
18392,1
18393,3
18394,3
18395,3
18396,4
18397,3
18398,1
18399,4
18400,3
18401,2
18402,4
18403,1
18404,2
18405,1
18406,4
18407,3
18408,4
18409,3
18410,4
18411,2
18412,4
18413,4
18414,2
18415,3
18416,4
18417,2
18418,2
18419,4
18420,4
18421,1
18422,3
18423,2
18424,3
18425,2
18426,2
18427,4
18428,2
18429,1
18430,4
18431,3
18432,2
18433,4
18434,3
18435,4
18436,4
18437,3
18438,3
18439,1
18440,4
18441,4
18442,3
18443,3
18444,2
18445,3
18446,2
18447,2
18448,4
18449,2
18450,2
18451,4
18452,3
18453,3
18454,2
18455,3
18456,2
18457,4
18458,4
18459,3
18460,2
18461,4
18462,4
18463,1
18464,2
18465,1
18466,3
18467,1
18468,3
18469,3
18470,4
18471,3
18472,1
18473,2
18474,2
18475,4
18476,1
18477,3
18478,4
18479,3
18480,2
18481,2
18482,4
18483,4
18484,2
18485,4
18486,4
18487,2
18488,1
18489,2
18490,3
18491,2
18492,2
18493,2
18494,3
18495,4
18496,3
18497,3
18498,3
18499,3
18500,3
18501,2
18502,3
18503,4
18504,2
18505,2
18506,4
18507,4
18508,3
18509,2
18510,3
18511,2
18512,3
18513,2
18514,2
18515,4
18516,4
18517,3
18518,3
18519,2
18520,1
18521,2
18522,2
18523,3
18524,2
18525,4
18526,2
18527,1
18528,4
18529,4
18530,3
18531,4
18532,2
18533,4
18534,4
18535,2
18536,3
18537,2
18538,2
18539,2
18540,2
18541,4
18542,4
18543,3
18544,4
18545,2
18546,3
18547,2
18548,4
18549,3
18550,2
18551,2
18552,3
18553,1
18554,3
18555,2
18556,4
18557,3
18558,1
18559,2
18560,3
18561,4
18562,3
18563,2
18564,2
18565,3
18566,3
18567,3
18568,4
18569,4
18570,3
18571,2
18572,3
18573,4
18574,3
18575,2
18576,3
18577,2
18578,2
18579,2
18580,3
18581,2
18582,3
18583,4
18584,2
18585,2
18586,2
18587,2
18588,2
18589,1
18590,2
18591,4
18592,4
18593,4
18594,4
18595,3
18596,3
18597,1
18598,3
18599,2
18600,3
18601,2
18602,4
18603,2
18604,1
18605,3
18606,2
18607,1
18608,4
18609,3
18610,2
18611,2
18612,3
18613,4
18614,3
18615,3
18616,3
18617,1
18618,2
18619,2
18620,2
18621,4
18622,4
18623,4
18624,4
18625,4
18626,3
18627,2
18628,4
18629,2
18630,3
18631,4
18632,4
18633,4
18634,4
18635,3
18636,4
18637,2
18638,3
18639,2
18640,3
18641,2
18642,4
18643,2
18644,4
18645,2
18646,3
18647,1
18648,1
18649,3
18650,3
18651,4
18652,4
18653,2
18654,3
18655,4
18656,2
18657,4
18658,1
18659,3
18660,4
18661,3
18662,4
18663,4
18664,3
18665,2
18666,4
18667,2
18668,1
18669,3
18670,2
18671,2
18672,4
18673,3
18674,2
18675,4
18676,3
18677,2
18678,4
18679,2
18680,3
18681,3
18682,4
18683,2
18684,2
18685,4
18686,2
18687,4
18688,2
18689,3
18690,4
18691,2
18692,3
18693,3
18694,1
18695,4
18696,2
18697,4
18698,2
18699,2
18700,2
18701,4
18702,1
18703,2
18704,2
18705,2
18706,1
18707,4
18708,4
18709,3
18710,2
18711,2
18712,2
18713,3
18714,3
18715,2
18716,3
18717,2
18718,2
18719,3
18720,4
18721,4
18722,4
18723,4
18724,2
18725,4
18726,2
18727,2
18728,3
18729,3
18730,4
18731,3
18732,2
18733,4
18734,2
18735,1
18736,1
18737,3
18738,4
18739,2
18740,3
18741,2
18742,4
18743,2
18744,1
18745,3
18746,4
18747,4
18748,3
18749,4
18750,1
18751,2
18752,2
18753,4
18754,1
18755,4
18756,3
18757,3
18758,2
18759,2
18760,4
18761,3
18762,2
18763,1
18764,2
18765,4
18766,3
18767,3
18768,4
18769,3
18770,3
18771,3
18772,2
18773,2
18774,2
18775,3
18776,1
18777,3
18778,4
18779,2
18780,2
18781,2
18782,4
18783,3
18784,2
18785,3
18786,3
18787,4
18788,4
18789,2
18790,2
18791,1
18792,4
18793,4
18794,2
18795,4
18796,2
18797,3
18798,2
18799,2
18800,3
18801,3
18802,2
18803,2
18804,4
18805,2
18806,3
18807,4
18808,3
18809,2
18810,1
18811,4
18812,2
18813,4
18814,2
18815,4
18816,1
18817,1
18818,3
18819,4
18820,4
18821,2
18822,3
18823,3
18824,2
18825,2
18826,3
18827,3
18828,3
18829,4
18830,3
18831,4
18832,2
18833,4
18834,2
18835,2
18836,4
18837,4
18838,4
18839,2
18840,4
18841,4
18842,3
18843,3
18844,2
18845,2
18846,3
18847,3
18848,2
18849,4
18850,2
18851,4
18852,3
18853,1
18854,3
18855,1
18856,2
18857,3
18858,4
18859,3
18860,2
18861,4
18862,2
18863,4
18864,4
18865,2
18866,2
18867,3
18868,3
18869,1
18870,2
18871,4
18872,2
18873,2
18874,2
18875,3
18876,4
18877,4
18878,4
18879,2
18880,1
18881,4
18882,1
18883,4
18884,1
18885,4
18886,3
18887,3
18888,3
18889,1
18890,2
18891,1
18892,3
18893,3
18894,3
18895,4
18896,2
18897,3
18898,1
18899,2
18900,4
18901,4
18902,2
18903,2
18904,2
18905,4
18906,4
18907,1
18908,4
18909,2
18910,3
18911,3
18912,4
18913,2
18914,4
18915,4
18916,2
18917,4
18918,4
18919,4
18920,2
18921,4
18922,3
18923,1
18924,3
18925,4
18926,3
18927,3
18928,2
18929,3
18930,2
18931,2
18932,4
18933,3
18934,4
18935,4
18936,4
18937,4
18938,3
18939,3
18940,3
18941,4
18942,2
18943,2
18944,4
18945,3
18946,2
18947,2
18948,3
18949,3
18950,4
18951,4
18952,2
18953,4
18954,2
18955,2
18956,3
18957,4
18958,3
18959,2
18960,3
18961,2
18962,2
18963,4
18964,1
18965,3
18966,2
18967,4
18968,2
18969,1
18970,4
18971,4
18972,4
18973,1
18974,3
18975,4
18976,4
18977,3
18978,3
18979,4
18980,2
18981,3
18982,4
18983,4
18984,3
18985,3
18986,2
18987,4
18988,3
18989,1
18990,1
18991,1
18992,2
18993,3
18994,1
18995,2
18996,2
18997,3
18998,4
18999,4
19000,4
19001,3
19002,1
19003,2
19004,3
19005,3
19006,2
19007,2
19008,2
19009,3
19010,4
19011,4
19012,3
19013,2
19014,4
19015,4
19016,3
19017,3
19018,4
19019,3
19020,3
19021,3
19022,2
19023,2
19024,2
19025,4
19026,3
19027,2
19028,4
19029,2
19030,3
19031,4
19032,4
19033,3
19034,2
19035,2
19036,3
19037,1
19038,4
19039,3
19040,4
19041,2
19042,3
19043,4
19044,3
19045,3
19046,3
19047,3
19048,2
19049,2
19050,4
19051,3
19052,3
19053,3
19054,4
19055,2
19056,3
19057,2
19058,4
19059,2
19060,3
19061,2
19062,3
19063,4
19064,4
19065,3
19066,2
19067,2
19068,3
19069,2
19070,4
19071,2
19072,4
19073,4
19074,3
19075,3
19076,2
19077,2
19078,2
19079,4
19080,3
19081,4
19082,4
19083,1
19084,1
19085,2
19086,1
19087,3
19088,3
19089,1
19090,4
19091,1
19092,3
19093,2
19094,3
19095,2
19096,4
19097,4
19098,4
19099,2
19100,4
19101,4
19102,3
19103,2
19104,3
19105,3
19106,1
19107,2
19108,2
19109,3
19110,1
19111,1
19112,3
19113,4
19114,4
19115,2
19116,3
19117,4
19118,3
19119,3
19120,2
19121,4
19122,4
19123,4
19124,2
19125,2
19126,3
19127,3
19128,2
19129,2
19130,2
19131,2
19132,2
19133,3
19134,3
19135,4
19136,2
19137,2
19138,3
19139,3
19140,1
19141,1
19142,3
19143,2
19144,1
19145,1
19146,2
19147,2
19148,4
19149,4
19150,2
19151,3
19152,3
19153,4
19154,3
19155,3
19156,4
19157,3
19158,2
19159,4
19160,3
19161,2
19162,2
19163,1
19164,4
19165,2
19166,4
19167,3
19168,2
19169,2
19170,4
19171,1
19172,4
19173,2
19174,3
19175,2
19176,3
19177,2
19178,3
19179,4
19180,2
19181,2
19182,2
19183,3
19184,2
19185,3
19186,4
19187,1
19188,4
19189,4
19190,4
19191,3
19192,2
19193,1
19194,2
19195,1
19196,2
19197,2
19198,2
19199,2
19200,4
19201,2
19202,3
19203,3
19204,1
19205,4
19206,3
19207,3
19208,4
19209,4
19210,3
19211,2
19212,3
19213,3
19214,3
19215,3
19216,2
19217,4
19218,4
19219,3
19220,3
19221,3
19222,3
19223,2
19224,4
19225,2
19226,2
19227,4
19228,3
19229,2
19230,3
19231,4
19232,3
19233,3
19234,3
19235,3
19236,4
19237,4
19238,3
19239,3
19240,2
19241,4
19242,2
19243,4
19244,2
19245,4
19246,3
19247,3
19248,2
19249,2
19250,4
19251,4
19252,3
19253,4
19254,4
19255,2
19256,4
19257,3
19258,2
19259,1
19260,4
19261,3
19262,3
19263,3
19264,2
19265,3
19266,3
19267,3
19268,2
19269,3
19270,2
19271,4
19272,2
19273,3
19274,2
19275,4
19276,2
19277,2
19278,3
19279,4
19280,3
19281,3
19282,2
19283,4
19284,2
19285,2
19286,3
19287,2
19288,2
19289,3
19290,4
19291,3
19292,1
19293,4
19294,3
19295,4
19296,3
19297,3
19298,3
19299,2
19300,4
19301,2
19302,4
19303,2
19304,2
19305,4
19306,2
19307,4
19308,4
19309,2
19310,2
19311,2
19312,3
19313,2
19314,2
19315,1
19316,2
19317,3
19318,3
19319,4
19320,2
19321,3
19322,3
19323,2
19324,3
19325,4
19326,2
19327,4
19328,3
19329,3
19330,2
19331,3
19332,3
19333,3
19334,2
19335,3
19336,3
19337,2
19338,3
19339,4
19340,2
19341,2
19342,2
19343,3
19344,4
19345,1
19346,1
19347,3
19348,3
19349,2
19350,3
19351,3
19352,4
19353,3
19354,2
19355,4
19356,1
19357,3
19358,3
19359,3
19360,3
19361,2
19362,3
19363,3
19364,4
19365,2
19366,4
19367,2
19368,3
19369,2
19370,2
19371,4
19372,1
19373,3
19374,1
19375,4
19376,2
19377,4
19378,1
19379,2
19380,4
19381,1
19382,4
19383,4
19384,2
19385,2
19386,2
19387,4
19388,4
19389,4
19390,3
19391,4
19392,4
19393,3
19394,2
19395,3
19396,3
19397,2
19398,3
19399,3
19400,3
19401,4
19402,3
19403,3
19404,3
19405,2
19406,2
19407,2
19408,3
19409,2
19410,3
19411,2
19412,3
19413,2
19414,2
19415,3
19416,4
19417,2
19418,2
19419,3
19420,2
19421,2
19422,2
19423,1
19424,4
19425,4
19426,1
19427,3
19428,4
19429,2
19430,3
19431,3
19432,4
19433,2
19434,1
19435,4
19436,3
19437,3
19438,2
19439,3
19440,4
19441,2
19442,3
19443,3
19444,2
19445,3
19446,2
19447,4
19448,3
19449,3
19450,4
19451,2
19452,3
19453,3
19454,4
19455,2
19456,1
19457,4
19458,2
19459,4
19460,3
19461,3
19462,2
19463,3
19464,1
19465,4
19466,2
19467,2
19468,3
19469,3
19470,3
19471,3
19472,4
19473,4
19474,4
19475,4
19476,4
19477,4
19478,2
19479,2
19480,2
19481,4
19482,1
19483,2
19484,2
19485,4
19486,3
19487,4
19488,3
19489,2
19490,4
19491,1
19492,2
19493,3
19494,2
19495,3
19496,4
19497,1
19498,4
19499,3
19500,3
19501,2
19502,2
19503,2
19504,3
19505,2
19506,4
19507,3
19508,2
19509,3
19510,3
19511,2
19512,2
19513,4
19514,3
19515,4
19516,3
19517,3
19518,1
19519,1
19520,1
19521,1
19522,3
19523,4
19524,3
19525,3
19526,2
19527,3
19528,1
19529,2
19530,4
19531,2
19532,1
19533,3
19534,3
19535,3
19536,1
19537,2
19538,2
19539,2
19540,2
19541,3
19542,4
19543,4
19544,2
19545,2
19546,2
19547,3
19548,2
19549,3
19550,3
19551,4
19552,3
19553,2
19554,4
19555,4
19556,4
19557,4
19558,3
19559,2
19560,4
19561,3
19562,3
19563,3
19564,4
19565,3
19566,1
19567,4
19568,3
19569,2
19570,3
19571,1
19572,2
19573,2
19574,3
19575,3
19576,2
19577,4
19578,3
19579,4
19580,4
19581,4
19582,4
19583,4
19584,1
19585,3
19586,2
19587,3
19588,2
19589,2
19590,4
19591,2
19592,1
19593,2
19594,3
19595,4
19596,3
19597,2
19598,4
19599,2
19600,1
19601,4
19602,4
19603,4
19604,4
19605,2
19606,2
19607,2
19608,2
19609,2
19610,1
19611,4
19612,3
19613,2
19614,4
19615,2
19616,3
19617,3
19618,1
19619,3
19620,3
19621,2
19622,3
19623,1
19624,2
19625,3
19626,4
19627,2
19628,2
19629,3
19630,2
19631,2
19632,3
19633,3
19634,1
19635,4
19636,1
19637,3
19638,4
19639,4
19640,4
19641,4
19642,3
19643,2
19644,2
19645,4
19646,2
19647,2
19648,3
19649,4
19650,4
19651,4
19652,4
19653,3
19654,2
19655,4
19656,3
19657,2
19658,3
19659,4
19660,2
19661,2
19662,1
19663,3
19664,2
19665,2
19666,4
19667,3
19668,4
19669,4
19670,3
19671,4
19672,2
19673,2
19674,2
19675,2
19676,3
19677,3
19678,1
19679,2
19680,4
19681,4
19682,1
19683,4
19684,4
19685,3
19686,3
19687,3
19688,1
19689,4
19690,2
19691,1
19692,3
19693,2
19694,4
19695,3
19696,2
19697,3
19698,3
19699,3
19700,2
19701,3
19702,4
19703,3
19704,3
19705,2
19706,3
19707,3
19708,4
19709,2
19710,4
19711,3
19712,2
19713,1
19714,3
19715,3
19716,2
19717,3
19718,2
19719,3
19720,3
19721,2
19722,4
19723,4
19724,4
19725,2
19726,4
19727,2
19728,2
19729,3
19730,4
19731,4
19732,3
19733,4
19734,2
19735,2
19736,4
19737,2
19738,4
19739,3
19740,4
19741,4
19742,4
19743,1
19744,4
19745,2
19746,3
19747,3
19748,4
19749,2
19750,4
19751,4
19752,2
19753,2
19754,4
19755,2
19756,2
19757,2
19758,1
19759,3
19760,2
19761,2
19762,1
19763,2
19764,2
19765,3
19766,2
19767,2
19768,2
19769,2
19770,4
19771,3
19772,3
19773,2
19774,1
19775,4
19776,2
19777,3
19778,4
19779,4
19780,2
19781,3
19782,4
19783,2
19784,3
19785,4
19786,2
19787,2
19788,3
19789,3
19790,2
19791,3
19792,2
19793,3
19794,2
19795,3
19796,3
19797,2
19798,4
19799,2
19800,4
19801,3
19802,3
19803,4
19804,4
19805,4
19806,2
19807,4
19808,2
19809,2
19810,2
19811,1
19812,4
19813,2
19814,2
19815,2
19816,1
19817,4
19818,3
19819,3
19820,1
19821,3
19822,3
19823,2
19824,2
19825,3
19826,2
19827,4
19828,4
19829,4
19830,4
19831,3
19832,2
19833,2
19834,2
19835,2
19836,3
19837,2
19838,3
19839,3
19840,4
19841,3
19842,3
19843,2
19844,3
19845,4
19846,3
19847,2
19848,2
19849,4
19850,4
19851,2
19852,2
19853,2
19854,4
19855,3
19856,4
19857,3
19858,4
19859,3
19860,3
19861,2
19862,1
19863,2
19864,3
19865,3
19866,3
19867,1
19868,2
19869,2
19870,1
19871,2
19872,2
19873,4
19874,3
19875,3
19876,1
19877,4
19878,3
19879,2
19880,2
19881,2
19882,2
19883,2
19884,4
19885,1
19886,4
19887,4
19888,2
19889,3
19890,3
19891,4
19892,2
19893,4
19894,4
19895,4
19896,3
19897,2
19898,4
19899,2
19900,4
19901,4
19902,4
19903,2
19904,3
19905,4
19906,3
19907,2
19908,3
19909,4
19910,2
19911,2
19912,3
19913,2
19914,2
19915,1
19916,2
19917,4
19918,3
19919,3
19920,3
19921,3
19922,4
19923,2
19924,4
19925,4
19926,2
19927,3
19928,4
19929,4
19930,2
19931,2
19932,3
19933,4
19934,3
19935,3
19936,2
19937,2
19938,3
19939,3
19940,3
19941,3
19942,3
19943,2
19944,2
19945,3
19946,1
19947,3
19948,3
19949,3
19950,2
19951,2
19952,3
19953,2
19954,3
19955,3
19956,4
19957,2
19958,2
19959,2
19960,3
19961,2
19962,1
19963,4
19964,2
19965,2
19966,4
19967,3
19968,2
19969,4
19970,2
19971,1
19972,3
19973,4
19974,4
19975,2
19976,3
19977,4
19978,4
19979,2
19980,4
19981,3
19982,3
19983,3
19984,3
19985,1
19986,4
19987,3
19988,2
19989,2
19990,2
19991,2
19992,2
19993,4
19994,4
19995,3
19996,4
19997,4
19998,4
19999,4
20000,2